Facility,Period,Voltage (% in +/- 10% of 230V)_x,Frequency (% in +/- 5% of 50Hz)_x,SAIDI,SAIFI,Quality Score,Reliability Score,PQR Score,Voltage (% in +/- 10% of 230V)_y,Voltage (% > 10% of 230V),Voltage (% < 10% of 230V),Voltage (% > 20% of 230V),Voltage (% < 20% of 230V),Frequency (% in +/- 5% of 50Hz)_y,Frequency (% > 5% of 50Hz),Frequency (% < 5% of 50Hz),Frequency (% > 15% of 50Hz),Frequency (% < 15% of 50Hz),Average outage duration,# of outages in the month that were >2 hours,# of days in the month with an outage of at least 2 hours,# of outages in the month that were >8 hours,# of days in the month with an outage of at least 8 hours,Average # of outages per day,# of days in the month with at least one outage,# of days in the month with >=3 outages
CH Bethesda Ndosho,2022-05-01,0.6155,1.0,0.0,0.5,0.8078,1.0,0.9039,61.55,0.0,38.45,0.0,0.0,100.0,0.0,0.0,0.0,0.0,,,,,,,,
CH Bethesda Ndosho,2022-06-01,0.6684,0.9806,0.1717,0.2529,0.8245,0.9975,0.911,66.84,0.0,33.16,0.0,0.95,98.06,0.01,1.18,0.0,0.0,0.33,0.0,0.0,0.0,0.0,0.5,12.0,0.0
CH Bethesda Ndosho,2022-07-01,0.4543,0.9924,0.1252,0.2971,0.7233,0.9966,0.8599,45.43,0.0,54.57,0.0,14.58,99.24,0.02,0.16,0.0,0.0,0.21,0.0,0.0,0.0,0.0,0.55,14.0,0.0
CH Bethesda Ndosho,2022-08-01,0.4125,0.9567,0.1014,0.8036,0.6846,0.9976,0.8411,41.25,0.02,58.73,0.02,31.07,95.67,0.29,0.01,0.24,0.0,1.39,2.0,2.0,1.0,1.0,0.77,11.0,2.0
CH Bethesda Ndosho,2022-09-01,0.522,0.9939,0.0875,0.8849,0.758,0.9968,0.8774,52.2,0.0,47.8,0.0,8.45,99.39,0.02,0.01,0.01,0.0,0.24,0.0,0.0,0.0,0.0,0.5,12.0,0.0
CH Bethesda Ndosho,2022-10-01,0.5799,0.9981,0.0408,1.0,0.789,0.9996,0.8943,57.99,0.0,42.01,0.0,0.54,99.81,0.01,0.0,0.0,0.0,0.23,0.0,0.0,0.0,0.0,0.16,5.0,0.0
CH Bethesda Ndosho,2022-11-01,0.5396,0.99,0.1687,0.6316,0.7648,0.9994,0.8821,53.96,0.0,46.04,0.0,4.64,99.0,0.0,0.0,0.0,0.0,0.6,1.0,1.0,0.0,0.0,0.33,5.0,2.0
CH Bethesda Ndosho,2022-12-01,0.3474,0.9356,0.0108,0.4362,0.6415,0.9999,0.8207,34.74,0.0,65.26,0.0,16.75,93.56,0.0,0.0,0.0,0.0,9.08,15.0,13.0,13.0,12.0,1.7,17.0,2.0
CH Bethesda Ndosho,2023-01-01,0.4276,0.9845,0.0132,0.4249,0.7061,0.9998,0.8529,42.76,0.0,57.24,0.0,10.71,98.45,0.0,0.0,0.0,0.0,0.61,1.0,1.0,0.0,0.0,0.45,5.0,1.0
CH Bethesda Ndosho,2023-02-01,0.4868,0.9949,0.0434,0.5,0.7408,0.9978,0.8693,48.68,0.0,51.32,0.0,8.08,99.49,0.0,0.0,0.0,0.0,0.38,0.0,0.0,0.0,0.0,0.29,4.0,1.0
CH Bethesda Ndosho,2023-03-01,0.5449,0.9963,0.0663,0.28,0.7706,0.9985,0.8846,54.49,0.0,45.51,0.0,3.45,99.63,0.07,0.03,0.0,0.01,0.17,0.0,0.0,0.0,0.0,0.29,7.0,0.0
CH Bethesda Ndosho,2023-04-01,0.6748,0.9986,0.0169,0.8856,0.8367,0.9992,0.918,67.48,0.0,32.52,0.0,1.15,99.86,0.05,0.0,0.0,0.0,0.17,0.0,0.0,0.0,0.0,0.1,3.0,0.0
CH Bethesda Ndosho,2023-05-01,0.7102,0.999,0.0169,1.0268,0.8546,0.9995,0.9271,71.02,0.0,28.98,0.0,0.51,99.9,0.03,0.0,0.0,0.0,0.22,0.0,0.0,0.0,0.0,0.1,3.0,0.0
CH Bethesda Ndosho,2023-06-01,0.7315,0.998,0.0416,0.3481,0.8648,0.9985,0.9317,73.15,0.0,26.85,0.0,0.51,99.8,0.01,0.0,0.0,0.0,0.22,0.0,0.0,0.0,0.0,0.2,6.0,0.0
CH Bethesda Ndosho,2023-07-01,0.6664,0.7856,0.1278,0.9396,0.726,0.9968,0.8614,66.64,0.0,33.36,0.0,21.55,78.56,0.0,0.0,0.0,0.0,3.48,16.0,16.0,15.0,15.0,6.44,25.0,10.0
CH Bethesda Ndosho,2023-08-01,0.6888,0.9962,0.0724,0.6256,0.8425,0.9975,0.92,68.88,0.0,31.12,0.0,1.34,99.62,0.04,0.0,0.0,0.0,3.78,2.0,2.0,1.0,1.0,0.3,9.0,0.0
CH Bethesda Ndosho,2023-09-01,0.6476,0.9958,0.0599,0.2174,0.8217,0.9994,0.9105,64.76,0.0,35.24,0.0,4.07,99.58,0.05,0.04,0.02,0.0,0.31,0.0,0.0,0.0,0.0,0.2,5.0,0.0
CH Bethesda Ndosho,2023-10-01,0.5198,0.9961,0.0391,0.3337,0.758,0.9994,0.8787,51.98,0.0,48.02,0.0,2.72,99.61,0.02,0.0,0.01,0.0,0.25,0.0,0.0,0.0,0.0,0.26,5.0,1.0
CH Bethesda Ndosho,2023-11-01,0.7646,0.948,0.0622,1.0808,0.8563,0.991,0.9237,76.46,0.0,23.54,0.0,5.57,94.8,0.01,0.04,0.01,0.0,2.22,4.0,4.0,3.0,3.0,1.39,13.0,4.0
CH Bethesda Ndosho,2023-12-01,0.7336,0.9264,0.104,0.7863,0.83,0.9966,0.9133,73.36,0.0,26.64,0.0,7.73,92.64,0.05,0.04,0.03,0.0,0.8,3.0,3.0,0.0,0.0,1.42,20.0,6.0
CH Bethesda Ndosho,2024-01-01,0.7117,0.9845,0.0988,0.6778,0.8481,0.9945,0.9213,71.17,0.0,28.83,0.0,1.64,98.45,0.08,0.02,0.05,0.0,0.51,1.0,1.0,0.0,0.0,0.61,16.0,0.0
CH Bethesda Ndosho,2024-02-01,0.6096,0.9843,0.0301,0.8696,0.797,0.9981,0.8975,60.96,0.0,39.04,0.0,3.88,98.43,0.06,0.02,0.06,0.01,1.0,1.0,1.0,0.0,0.0,0.28,7.0,0.0
CH Bethesda Ndosho,2024-03-01,0.6472,0.9765,0.064,0.5836,0.8118,0.9983,0.9051,64.72,0.0,35.28,0.0,3.08,97.65,0.07,0.0,0.06,0.0,1.2,2.0,2.0,0.0,0.0,0.35,7.0,0.0
CH Bethesda Ndosho,2024-04-01,0.6207,0.9928,0.0338,0.4762,0.8068,0.997,0.9019,62.07,0.0,37.93,0.0,3.56,99.28,0.07,0.0,0.06,0.0,1.25,0.0,0.0,0.0,0.0,0.07,2.0,0.0
CH Bethesda Ndosho,2024-05-01,0.5944,0.997,0.0504,1.3519,0.7957,0.9946,0.8952,59.44,0.0,40.56,0.0,1.97,99.7,0.06,0.0,0.03,0.0,0.47,0.0,0.0,0.0,0.0,0.19,5.0,0.0
CH Bethesda Ndosho,2024-06-01,0.5931,0.9873,0.1086,0.7322,0.7902,0.998,0.8941,59.31,0.0,40.69,0.0,3.42,98.73,0.78,0.0,0.12,0.0,0.33,0.0,0.0,0.0,0.0,0.2,4.0,0.0
CH Bethesda Ndosho,2024-07-01,0.4957,0.9198,0.0333,0.746,0.7078,0.9994,0.8536,49.57,0.0,50.43,0.0,13.71,91.98,0.06,0.0,0.02,0.0,1.41,7.0,6.0,0.0,0.0,1.03,14.0,4.0
CH Bethesda Ndosho,2024-08-01,0.6224,0.9746,0.0637,1.0162,0.7985,0.997,0.8978,62.24,0.0,37.76,0.0,4.01,97.46,0.6,0.0,0.01,0.0,0.85,2.0,2.0,0.0,0.0,0.32,10.0,0.0
CH Bethesda Ndosho,2024-09-01,0.7064,0.9159,0.1325,0.7037,0.8112,0.9942,0.9027,70.64,0.01,29.35,0.0,5.56,91.59,5.44,0.0,0.01,0.0,0.75,1.0,1.0,0.0,0.0,0.67,11.0,2.0
CH Bethesda Ndosho,2024-10-01,0.6339,0.9412,0.0505,0.3852,0.7876,0.9999,0.8938,63.39,0.0,36.61,0.0,3.26,94.12,4.98,0.0,0.01,0.0,0.83,0.0,0.0,0.0,0.0,0.2,3.0,0.0
CH Matanda,2022-06-01,0.9773,0.9753,0.0771,0.3,0.9763,0.9992,0.9877,97.39,0.0,2.61,0.0,1.48,96.97,0.01,1.54,0.01,0.28,0.33,0.0,0.0,0.0,0.0,0.4,3.0,0.0
CH Matanda,2022-07-01,0.9297,0.9318,1.2528,0.5,0.9308,0.9666,0.9487,92.42,0.0,7.58,0.0,7.11,92.21,0.17,0.66,0.17,0.12,1.81,8.0,8.0,1.0,1.0,0.84,18.0,1.0
CH Matanda,2022-08-01,0.9405,0.9458,0.8009,0.3466,0.9432,0.9946,0.9689,94.13,0.0,5.87,0.0,4.45,94.67,0.12,0.83,0.12,0.23,1.33,3.0,3.0,0.0,0.0,0.61,11.0,3.0
CH Matanda,2022-09-01,0.9674,0.9723,0.3379,0.7308,0.9699,0.9883,0.9791,97.12,0.0,2.88,0.0,2.23,97.6,0.03,0.15,0.03,0.08,1.24,4.0,4.0,0.0,0.0,0.4,9.0,0.0
CH Matanda,2022-10-01,0.9628,0.9645,0.5097,1.0472,0.9636,0.9698,0.9667,96.33,0.0,3.67,0.0,2.8,96.6,0.07,0.58,0.06,0.52,0.74,1.0,1.0,0.0,0.0,0.71,15.0,1.0
CH Matanda,2022-11-01,0.9268,0.9237,1.0112,0.733,0.9252,0.9772,0.9512,92.55,0.0,7.45,0.0,6.21,92.46,0.05,1.29,0.05,1.01,1.03,4.0,3.0,0.0,0.0,1.2,16.0,5.0
CH Matanda,2022-12-01,0.9709,0.9731,0.4615,0.3993,0.972,0.99,0.981,97.16,0.0,2.84,0.0,2.4,97.45,0.01,0.14,0.01,0.09,0.76,2.0,2.0,0.0,0.0,0.71,14.0,3.0
CH Matanda,2023-01-01,0.9166,0.9292,0.9278,1.8158,0.9229,0.9848,0.9538,91.67,0.0,8.33,0.0,5.9,92.72,0.19,1.44,0.16,0.6,0.75,3.0,3.0,0.0,0.0,1.45,22.0,6.0
CH Matanda,2023-02-01,0.9414,0.9475,0.572,0.592,0.9444,0.9883,0.9664,94.37,0.0,5.63,0.0,3.77,95.17,0.03,1.06,0.03,0.02,0.56,2.0,2.0,0.0,0.0,1.54,18.0,6.0
CH Matanda,2023-03-01,0.882,0.9436,0.3457,1.0879,0.9128,0.9877,0.9503,89.87,0.0,10.13,0.0,5.2,92.73,0.03,2.06,0.03,0.04,0.74,3.0,3.0,0.0,0.0,0.77,13.0,2.0
CH Matanda,2023-04-01,0.8777,0.9461,0.4699,0.7782,0.9119,0.985,0.9484,88.3,0.0,11.7,0.0,4.32,94.06,0.03,1.61,0.03,0.66,1.11,4.0,4.0,0.0,0.0,0.63,12.0,2.0
CH Matanda,2023-05-01,0.8795,0.8754,0.4596,0.2886,0.8774,0.9885,0.933,89.54,0.0,10.46,0.0,8.08,87.55,0.01,4.36,0.01,0.0,1.29,4.0,4.0,1.0,1.0,0.77,14.0,2.0
CH Matanda,2023-06-01,0.7524,0.8775,0.1472,0.3601,0.8149,0.9972,0.906,76.81,0.0,23.19,0.0,8.0,87.07,0.02,4.92,0.02,0.47,0.53,1.0,1.0,0.0,0.0,1.43,15.0,4.0
CH Matanda,2023-07-01,0.6086,0.7157,0.0263,0.284,0.6622,0.9982,0.8302,60.86,0.0,39.14,0.0,28.42,71.57,0.56,0.14,0.53,0.0,0.61,3.0,3.0,0.0,0.0,1.29,17.0,7.0
CH Matanda,2023-08-01,0.5473,0.9214,0.0858,0.48,0.7344,0.9991,0.8667,54.73,0.0,45.27,0.0,7.94,92.14,0.02,0.0,0.02,0.0,1.3,2.0,2.0,0.0,0.0,0.29,9.0,0.0
CH Matanda,2023-09-01,0.6501,0.9503,0.1049,0.4101,0.8002,0.9988,0.8995,65.01,0.0,34.99,0.0,4.98,95.03,0.25,0.03,0.24,0.0,0.77,1.0,1.0,0.0,0.0,0.37,11.0,0.0
CH Matanda,2023-10-01,0.5516,0.9286,0.0704,0.1854,0.7401,0.9991,0.8696,55.16,0.0,44.84,0.0,7.26,92.86,0.38,0.01,0.37,0.0,0.88,1.0,1.0,0.0,0.0,0.42,10.0,1.0
CH Matanda,2023-11-01,0.3662,0.9269,0.0465,0.5461,0.6466,0.9956,0.8211,36.62,0.0,63.38,0.0,9.47,92.69,0.63,0.04,0.63,0.0,0.89,1.0,1.0,0.0,0.0,0.2,4.0,0.0
CH Matanda,2023-12-01,0.2651,0.958,0.0488,0.3,0.6116,0.9979,0.8047,26.51,0.0,73.49,0.0,8.29,95.8,0.62,0.03,0.61,0.0,1.0,1.0,1.0,0.0,0.0,0.16,5.0,0.0
CH Matanda,2024-01-01,0.3705,0.972,0.1344,0.45,0.6712,0.995,0.8331,37.04,0.0,62.96,0.0,6.01,97.16,0.35,0.01,0.35,0.0,0.62,0.0,0.0,0.0,0.0,0.26,8.0,0.0
CH Matanda,2024-02-01,0.3433,0.9057,0.1181,0.7904,0.6245,0.9987,0.8116,34.33,0.0,65.67,0.0,12.26,90.57,1.68,0.12,1.68,0.0,0.33,0.0,0.0,0.0,0.0,0.34,9.0,0.0
CH Matanda,2024-03-01,0.4582,0.9369,0.0,0.9553,0.6976,1.0,0.8488,45.82,0.0,54.18,0.0,9.6,93.69,0.71,0.07,0.71,0.0,0.28,0.0,0.0,0.0,0.0,0.39,8.0,1.0
CH Matanda,2024-04-01,0.8372,0.9242,0.0003,0.3913,0.8807,1.0,0.9403,84.0,0.0,16.0,0.0,9.04,90.49,0.04,0.47,0.04,0.11,0.47,0.0,0.0,0.0,0.0,1.17,10.0,4.0
CH Matanda,2024-05-01,0.8068,0.911,0.0,0.4483,0.8589,1.0,0.9294,80.68,0.0,19.32,0.0,8.9,91.1,0.08,0.0,0.08,0.0,0.23,0.0,0.0,0.0,0.0,0.35,9.0,0.0
CH Matanda,2024-06-01,0.7622,0.9679,0.0332,0.5251,0.865,0.9984,0.9317,76.33,0.0,23.67,0.0,4.55,94.97,0.01,0.45,0.01,0.0,1.61,1.0,1.0,1.0,1.0,0.4,8.0,1.0
CH Matanda,2024-07-01,0.7891,0.9279,0.0,0.861,0.8585,1.0,0.9292,78.91,0.0,21.09,0.0,7.21,92.79,0.03,0.0,0.03,0.0,0.5,2.0,2.0,0.0,0.0,1.23,16.0,4.0
CH Matanda,2024-08-01,0.7016,0.8692,0.0,0.5185,0.7854,1.0,0.8927,70.16,0.0,29.84,0.0,13.09,86.92,0.02,0.0,0.02,0.0,1.17,3.0,3.0,2.0,2.0,1.71,21.0,5.0
CH Matanda,2024-09-01,0.7574,0.9023,0.0,0.3393,0.8298,1.0,0.9149,75.74,0.0,24.26,0.0,9.77,90.23,0.01,0.0,0.01,0.0,0.45,0.0,0.0,0.0,0.0,1.17,18.0,5.0
CH Matanda,2024-10-01,0.8834,0.9732,0.0,0.2501,0.9283,1.0,0.9642,88.34,0.0,11.66,0.0,2.67,97.32,0.01,0.0,0.01,0.0,1.08,1.0,1.0,0.0,0.0,0.4,4.0,0.0
CS CCLK,2022-06-01,0.8241,0.9786,1.1072,0.3768,0.9014,0.9562,0.9288,81.98,0.0,18.02,0.0,2.98,97.35,0.0,0.0,0.0,0.0,1.79,3.0,1.0,1.0,1.0,0.55,2.0,1.0
CS CCLK,2022-07-01,0.7836,0.9436,0.9695,0.6296,0.8636,0.9827,0.9231,78.93,0.0,21.07,0.0,6.43,93.64,0.07,0.0,0.07,0.0,0.81,2.0,2.0,0.0,0.0,0.97,9.0,4.0
CS CCLK,2022-08-01,0.7628,0.9413,1.0181,0.7733,0.852,0.964,0.908,76.31,0.0,23.69,0.0,6.6,93.86,0.02,0.0,0.02,0.0,1.28,5.0,3.0,0.0,0.0,0.77,8.0,5.0
CS CCLK,2022-09-01,0.8671,0.9125,0.0,0.4301,0.8898,1.0,0.9449,86.72,0.11,13.17,0.0,8.82,91.18,0.03,0.0,0.03,0.0,2.13,9.0,3.0,3.0,3.0,1.43,7.0,5.0
CS CCLK,2022-10-01,0.8234,0.9197,1.1601,0.933,0.8716,0.9609,0.9163,83.31,0.01,16.68,0.0,8.97,91.23,0.11,0.01,0.11,0.0,1.11,5.0,3.0,1.0,1.0,1.23,10.0,6.0
CS CCLK,2022-11-01,0.8725,0.9568,1.1872,0.1308,0.9146,0.978,0.9463,87.58,0.0,12.42,0.0,4.69,95.44,0.01,0.0,0.01,0.0,0.86,2.0,2.0,0.0,0.0,0.93,6.0,4.0
CS CCLK,2022-12-01,0.8407,0.9367,0.3086,0.5362,0.8887,0.9944,0.9415,86.86,0.0,13.14,0.0,7.92,92.36,0.01,0.02,0.01,0.02,1.64,5.0,4.0,1.0,1.0,0.9,11.0,5.0
CS CCLK,2023-01-01,0.8573,0.9076,0.7536,0.68,0.8824,1.0,0.9412,86.51,0.0,13.49,0.0,9.6,90.49,0.0,0.0,0.0,0.0,2.01,7.0,6.0,1.0,1.0,0.94,9.0,3.0
CS CCLK,2023-02-01,0.8257,0.9309,1.4339,0.5398,0.8783,0.9403,0.9093,82.8,0.0,17.2,0.0,7.78,92.43,0.02,0.0,0.02,0.0,1.31,5.0,3.0,0.0,0.0,0.93,5.0,3.0
CS CCLK,2023-03-01,0.8187,0.9201,2.4741,0.2255,0.8694,0.9167,0.893,83.39,0.0,16.61,0.0,11.34,88.7,0.16,0.0,0.16,0.0,1.07,4.0,4.0,3.0,3.0,2.72,10.0,6.0
CS CCLK,2023-04-01,0.8929,0.9862,0.0,0.25,0.9396,1.0,0.9698,89.32,0.0,10.68,0.0,2.39,97.64,0.03,0.0,0.03,0.0,0.36,0.0,0.0,0.0,0.0,0.47,3.0,2.0
CS CCLK,2023-05-01,0.8744,0.9919,0.0,0.391,0.9332,1.0,0.9666,86.75,0.0,13.25,0.0,3.41,96.6,0.0,0.0,0.0,0.0,1.06,2.0,2.0,0.0,0.0,0.45,3.0,2.0
CS CCLK,2023-06-01,0.8091,0.9989,0.0,0.8077,0.904,1.0,0.952,80.76,0.0,19.24,0.0,3.04,96.97,0.01,0.0,0.01,0.0,1.27,3.0,2.0,0.0,0.0,0.63,3.0,2.0
CS CCLK,2023-07-01,0.7894,0.9998,0.0,0.7635,0.8946,1.0,0.9473,78.94,0.0,21.06,0.0,0.0,99.98,0.01,0.0,0.01,0.0,,,,,,,,
CS CCLK,2023-08-01,0.8195,0.9996,0.0,0.375,0.9096,1.0,0.9548,81.95,0.0,18.05,0.0,0.0,99.96,0.02,0.0,0.02,0.0,,,,,,,,
CS CCLK,2023-09-01,0.8042,0.9999,0.0,0.473,0.902,1.0,0.951,80.42,0.0,19.58,0.0,0.0,99.99,0.01,0.0,0.01,0.0,,,,,,,,
CS CCLK,2023-10-01,0.7807,0.9998,0.0,1.2842,0.8902,1.0,0.9451,78.07,0.0,21.93,0.0,0.0,99.98,0.01,0.0,0.0,0.0,,,,,,,,
CS CCLK,2023-11-01,0.747,0.9999,0.0,0.5969,0.8734,1.0,0.9367,74.7,0.0,25.3,0.0,0.46,99.99,0.0,0.0,0.0,0.0,0.17,0.0,0.0,0.0,0.0,0.03,1.0,0.0
CS CCLK,2023-12-01,0.6708,1.0,0.0,0.4286,0.8354,1.0,0.9177,67.08,0.0,32.92,0.0,0.0,100.0,0.0,0.0,0.0,0.0,,,,,,,,
CS CCLK,2024-01-01,0.7211,0.9791,0.0,0.625,0.8501,1.0,0.925,72.11,0.0,27.89,0.0,2.09,97.91,0.0,0.0,0.0,0.0,15.5,1.0,1.0,1.0,1.0,0.03,1.0,0.0
CS CCLK,2024-02-01,0.7864,0.9967,0.0,0.2778,0.8916,1.0,0.9458,78.64,0.0,21.36,0.0,0.28,99.67,0.03,0.0,0.03,0.0,12.83,1.0,1.0,1.0,1.0,0.03,1.0,0.0
CS CCLK,2024-03-01,0.7699,0.9726,0.0,0.3501,0.8712,1.0,0.9356,76.99,0.0,23.01,0.0,2.7,97.26,0.04,0.0,0.04,0.0,22.92,8.0,7.0,8.0,7.0,0.32,7.0,0.0
CS CCLK,2024-07-01,0.5974,0.9974,0.0,,0.7974,,0.7974,59.17,0.0,40.83,0.0,2.07,97.93,0.0,0.0,0.0,0.0,22.9,30.0,30.0,30.0,30.0,31.0,31.0,0.0
CS CCLK,2024-08-01,0.6274,0.9999,0.0,0.6155,0.8136,1.0,0.9068,62.74,0.0,37.26,0.0,0.0,99.99,0.01,0.0,0.01,0.0,,,,,,,,
CS CCLK,2024-09-01,0.7298,0.9985,0.0,0.5625,0.8642,1.0,0.9321,72.98,0.0,27.02,0.0,0.14,99.85,0.0,0.0,0.0,0.0,0.83,0.0,0.0,0.0,0.0,0.03,1.0,0.0
CS CCLK,2024-10-01,0.6119,0.9829,0.0,0.8757,0.7974,1.0,0.8987,61.19,0.01,38.8,0.0,3.01,98.29,0.0,0.0,0.0,0.0,1.33,1.0,1.0,0.0,0.0,0.2,3.0,0.0
CS Malepe,2022-06-01,0.987,0.9877,0.2079,0.6538,0.9874,1.0,0.9937,98.7,0.0,1.3,0.0,1.3,98.77,0.0,0.0,0.0,0.0,,,,,,,,
CS Malepe,2022-07-01,0.9072,0.9073,0.1965,0.4074,0.9072,0.9819,0.9445,90.72,0.0,9.28,0.0,9.27,90.73,0.0,0.0,0.0,0.0,,,,,,,,
CS Malepe,2022-08-01,0.9974,0.9978,0.0075,0.6693,0.9976,1.0,0.9988,99.74,0.01,0.24,0.0,0.24,99.78,0.0,0.0,0.0,0.0,,,,,,,,
CS Malepe,2022-09-01,0.9704,0.9666,0.0018,0.4202,0.9685,1.0,0.9842,97.04,0.01,2.95,0.0,2.95,96.66,0.26,0.0,0.26,0.0,,,,,,,,
CS Malepe,2022-10-01,0.8897,0.8897,0.0241,0.7837,0.8897,1.0,0.9448,88.97,0.0,11.03,0.0,11.03,88.97,0.01,0.0,0.01,0.0,,,,,,,,
CS Malepe,2022-11-01,0.8806,0.8807,0.0,0.5,0.8806,1.0,0.9403,88.06,0.0,11.94,0.0,11.93,88.07,0.0,0.0,0.0,0.0,,,,,,,,
CS Malepe,2022-12-01,0.852,0.8522,0.0984,1.087,0.8521,0.9998,0.9259,85.2,0.01,14.79,0.0,14.78,85.22,0.01,0.0,0.01,0.0,,,,,,,,
CS Malepe,2023-01-01,0.897,0.8971,0.012,0.3752,0.897,1.0,0.9485,89.7,0.02,10.27,0.0,10.27,89.71,0.01,0.0,0.01,0.0,,,,,,,,
CS Malepe,2023-02-01,0.8572,0.8545,0.0,0.3047,0.8558,1.0,0.9279,85.72,0.0,14.28,0.0,14.28,85.45,0.14,0.0,0.14,0.0,,,,,,,,
CS Malepe,2023-03-01,0.9343,0.9342,1.1501,0.5174,0.9342,0.9732,0.9537,93.43,0.01,6.56,0.0,6.56,93.42,0.02,0.0,0.02,0.0,,,,,,,,
CS Malepe,2023-04-01,0.9688,0.9689,0.0768,0.5741,0.9688,1.0,0.9844,96.88,0.02,3.1,0.0,3.1,96.89,0.01,0.0,0.01,0.0,,,,,,,,
CS Malepe,2023-05-01,0.9989,0.9986,0.0053,0.2595,0.9988,1.0,0.9994,99.89,0.0,0.1,0.0,0.1,99.86,0.03,0.0,0.03,0.0,,,,,,,,
CS Malepe,2023-06-01,0.7774,0.7762,0.154,0.3519,0.7768,1.0,0.8884,77.74,0.0,22.26,0.0,22.25,77.62,0.12,0.0,0.12,0.0,24.0,24.0,24.0,24.0,24.0,0.96,24.0,0.0
CS Malepe,2023-07-01,0.6311,0.6312,0.0003,0.3468,0.6312,1.0,0.8156,63.11,0.0,36.89,0.0,36.89,63.12,0.0,0.0,0.0,0.0,24.0,31.0,31.0,31.0,31.0,1.41,31.0,0.0
CS Malepe,2023-08-01,0.8378,0.8378,0.0024,0.4,0.8378,0.9998,0.9188,83.78,0.0,16.22,0.0,16.22,83.78,0.01,0.0,0.01,0.0,24.0,31.0,31.0,31.0,31.0,1.29,31.0,0.0
CS Malepe,2023-09-01,0.979,0.9791,0.0001,0.4169,0.979,1.0,0.9895,97.9,0.0,2.09,0.0,2.09,97.91,0.01,0.0,0.01,0.0,24.0,30.0,30.0,30.0,30.0,1.0,30.0,0.0
CS Malepe,2023-10-01,0.9474,0.9475,0.0,0.8196,0.9474,1.0,0.9737,94.74,0.02,5.24,0.0,5.24,94.75,0.0,0.0,0.0,0.0,24.0,31.0,31.0,31.0,31.0,1.0,31.0,0.0
CS Malepe,2023-11-01,0.9817,0.9816,0.0816,0.5556,0.9816,0.9954,0.9885,98.17,0.03,1.79,0.0,1.79,98.16,0.04,0.0,0.04,0.0,24.0,30.0,30.0,30.0,30.0,1.0,30.0,0.0
CS Malepe,2023-12-01,0.9495,0.9498,0.0,0.5385,0.9496,1.0,0.9748,94.95,0.03,5.02,0.0,5.02,94.98,0.0,0.0,0.0,0.0,23.52,28.0,28.0,28.0,28.0,0.9,28.0,0.0
CS Malepe,2024-01-01,0.7486,0.7492,0.0005,0.5693,0.7489,0.9999,0.8744,74.86,0.04,25.1,0.0,25.1,74.92,0.02,0.0,0.02,0.0,,,,,,,,
CS Malepe,2024-02-01,0.412,0.4119,0.0003,0.84,0.412,1.0,0.706,41.2,0.0,58.8,0.0,58.78,41.19,0.07,0.0,0.07,0.0,12.5,1.0,1.0,1.0,1.0,0.1,2.0,0.0
CS Malepe,2024-03-01,0.8387,0.8347,0.0002,0.3505,0.8367,1.0,0.9184,83.87,0.0,16.13,0.0,16.06,83.47,0.4,0.0,0.4,0.0,,,,,,,,
CS Murara,2022-06-01,0.698,0.7466,1.2227,1.0027,0.7223,0.8886,0.8054,69.3,4.8,25.9,0.0,25.78,74.26,0.11,0.0,0.11,0.0,,,,,,,,
CS Murara,2022-07-01,0.5242,0.545,9.4015,1.2331,0.5346,0.6606,0.5976,52.44,0.94,46.63,0.0,45.6,54.48,1.04,0.01,1.04,0.0,,,,,,,,
CS Murara,2022-08-01,0.4744,0.4848,8.7567,1.042,0.4796,0.7568,0.6182,47.44,0.02,52.54,0.0,51.59,48.48,0.23,0.0,0.23,0.0,,,,,,,,
CS Murara,2022-09-01,0.6001,0.6165,8.0209,0.7483,0.6083,0.8027,0.7055,60.01,0.14,39.85,0.0,38.33,61.65,0.04,0.0,0.04,0.0,,,,,,,,
CS Murara,2022-10-01,0.6083,0.6154,2.8991,0.6183,0.6118,0.8485,0.7302,60.83,0.29,38.88,0.0,38.4,61.54,0.05,0.01,0.05,0.0,,,,,,,,
CS Murara,2023-02-01,0.7144,0.9532,0.7745,0.6494,0.8338,1.0,0.9169,71.44,0.0,28.56,0.0,4.67,95.32,0.0,0.01,0.0,0.0,,,,,,,,
CS Murara,2023-03-01,0.7958,0.8685,1.3747,0.3462,0.8322,0.9812,0.9067,79.89,0.0,20.11,0.0,14.04,86.07,3.32,0.02,3.32,0.0,,,,,,,,
CS Murara,2023-04-01,0.865,0.902,2.1481,0.5185,0.8835,0.9503,0.9169,86.5,0.0,13.5,0.0,9.8,90.2,0.01,0.0,0.0,0.0,,,,,,,,
CS Murara,2023-05-01,0.8204,0.9039,0.1515,0.3113,0.8622,0.9991,0.9307,82.04,0.0,17.96,0.0,9.61,90.39,0.0,0.0,0.0,0.0,,,,,,,,
CS Murara,2023-06-01,0.8473,0.951,0.8086,0.9643,0.8992,0.9761,0.9377,84.73,0.0,15.27,0.0,5.24,95.1,0.01,0.0,0.0,0.0,,,,,,,,
CS Murara,2023-07-01,0.8242,0.9184,2.417,1.1032,0.8713,0.9257,0.8985,82.42,0.0,17.58,0.0,8.19,91.84,0.01,0.0,0.01,0.0,,,,,,,,
CS Murara,2023-08-01,0.8927,0.982,0.3783,1.3211,0.9374,0.9732,0.9553,89.27,0.0,10.73,0.0,1.78,98.2,0.01,0.0,0.0,0.0,,,,,,,,
CS Murara,2023-09-01,0.8482,0.9412,1.3934,0.8135,0.8947,0.946,0.9203,84.82,0.0,15.18,0.0,5.9,94.12,0.02,0.02,0.0,0.0,,,,,,,,
CS Murara,2023-10-01,0.8168,0.9629,0.2901,0.3601,0.8898,0.9965,0.9431,81.68,0.0,18.32,0.0,3.76,96.29,0.0,0.0,0.0,0.0,,,,,,,,
CS Murara,2023-11-01,0.598,0.851,1.2442,1.5778,0.7245,0.895,0.8098,59.8,0.0,40.2,0.0,15.28,85.1,0.01,0.04,0.01,0.0,,,,,,,,
CS Murara,2023-12-01,0.6778,0.8596,1.8975,0.6652,0.7687,0.8858,0.8273,67.78,0.08,32.14,0.0,14.04,85.96,0.01,0.02,0.0,0.0,,,,,,,,
CS Murara,2024-01-01,0.7432,0.8704,1.6717,0.7059,0.8068,0.9526,0.8797,74.32,0.15,25.53,0.0,13.08,87.04,0.01,0.03,0.0,0.0,,,,,,,,
CS Murara,2024-02-01,0.666,0.9761,0.2624,0.5882,0.821,0.9981,0.9096,66.6,0.0,33.4,0.0,4.63,97.61,0.01,0.01,0.01,0.0,,,,,,,,
CS Murara,2024-03-01,0.891,0.9475,0.9984,0.9352,0.9192,0.9515,0.9354,89.1,0.0,10.9,0.0,5.21,94.75,0.05,0.0,0.04,0.0,,,,,,,,
CS Murara,2024-04-01,0.8884,0.947,1.0693,0.7604,0.9177,0.9471,0.9324,88.84,0.0,11.16,0.0,5.29,94.7,0.02,0.0,0.02,0.0,,,,,,,,
CS Murara,2024-05-01,0.8106,0.9559,0.2215,0.9634,0.8832,0.9908,0.937,81.06,0.0,18.94,0.0,4.43,95.59,0.01,0.0,0.01,0.0,,,,,,,,
CS Murara,2024-06-01,0.7965,0.8806,0.4552,1.5741,0.8386,0.9548,0.8967,79.65,0.0,20.35,0.0,11.85,88.06,0.08,0.0,0.08,0.0,,,,,,,,
CS Murara,2024-07-01,0.8658,0.9692,0.6493,0.6407,0.9175,0.9954,0.9564,86.58,0.0,13.42,0.0,3.04,96.92,0.04,0.0,0.04,0.0,,,,,,,,
CS Murara,2024-08-01,0.7668,0.8594,1.1057,0.34,0.8131,0.9766,0.8949,76.68,0.0,23.32,0.0,14.08,85.94,0.02,0.0,0.01,0.0,,,,,,,,
CS Murara,2024-09-01,0.8034,0.9158,1.3984,1.1673,0.8596,0.9148,0.8872,80.34,0.41,19.25,0.0,8.44,91.58,0.0,0.02,0.0,0.0,,,,,,,,
CS Murara,2024-10-01,0.7281,0.8132,1.113,0.8671,0.7707,0.9711,0.8709,72.81,0.0,27.19,0.0,18.75,81.32,0.02,0.0,0.02,0.0,,,,,,,,
CS Ngangi III,2022-06-01,0.8168,0.8776,2.039,0.3751,0.8472,0.941,0.8941,80.54,0.03,19.43,0.02,13.83,86.22,0.0,0.0,0.0,0.0,1.81,6.0,3.0,1.0,1.0,1.33,14.0,6.0
CS Ngangi III,2022-07-01,0.7172,0.9576,0.7066,0.3009,0.8374,0.9929,0.9152,71.86,0.0,28.14,0.0,4.45,95.59,0.05,0.01,0.03,0.0,0.89,5.0,5.0,0.0,0.0,0.97,16.0,2.0
CS Ngangi III,2022-08-01,0.263,0.5995,9.0635,0.4696,0.4312,0.8774,0.6543,25.9,0.0,74.1,0.0,42.89,57.07,0.03,0.0,0.01,0.0,0.63,8.0,7.0,1.0,1.0,9.29,25.0,23.0
CS Ngangi III,2022-09-01,0.2528,0.3392,15.3385,0.9521,0.296,0.7177,0.5068,25.19,0.0,74.81,0.0,65.25,34.73,0.02,0.0,0.01,0.0,0.9,22.0,14.0,8.0,7.0,14.03,30.0,28.0
CS Ngangi III,2022-10-01,0.2626,0.268,16.7796,0.2273,0.2653,0.8454,0.5553,25.95,0.0,74.05,0.0,73.54,26.47,0.0,0.0,0.0,0.0,1.29,30.0,21.0,12.0,11.0,11.87,30.0,28.0
CS Ngangi III,2022-11-01,0.2435,0.35,9.2263,0.7778,0.2967,0.8521,0.5744,25.21,0.0,74.79,0.0,64.69,35.41,0.3,0.0,0.29,0.0,1.26,29.0,20.0,8.0,8.0,10.43,30.0,27.0
CS Ngangi III,2022-12-01,0.1321,0.3138,14.7309,0.4706,0.223,0.7507,0.4869,13.12,0.0,86.88,0.0,68.57,31.43,0.0,0.0,0.0,0.0,1.17,44.0,22.0,4.0,4.0,11.58,31.0,30.0
CS Ngangi III,2023-01-01,0.2248,0.4339,9.4614,0.5,0.3294,0.8155,0.5724,23.09,0.0,76.91,0.0,57.55,42.45,0.0,0.0,0.0,0.0,1.76,42.0,25.0,13.0,12.0,7.74,31.0,28.0
CS Ngangi III,2023-02-01,0.3498,0.6121,7.1562,0.5017,0.481,0.9364,0.7087,36.13,0.0,63.87,0.0,42.02,58.54,0.43,0.0,0.43,0.0,2.18,25.0,18.0,13.0,13.0,6.96,28.0,20.0
CS Ngangi III,2023-03-01,0.4111,0.5259,9.3404,0.7405,0.4685,0.8456,0.6571,44.44,0.0,55.56,0.0,49.12,51.0,0.33,0.01,0.31,0.0,0.75,16.0,11.0,4.0,4.0,13.13,30.0,27.0
CS Ngangi III,2023-04-01,0.3419,0.4192,12.9537,0.6008,0.3806,0.801,0.5908,36.22,0.0,63.78,0.0,59.35,40.64,0.01,0.01,0.0,0.0,0.88,24.0,20.0,7.0,7.0,14.3,29.0,27.0
CS Ngangi III,2023-05-01,0.3398,0.3861,4.3169,0.5269,0.363,0.8641,0.6135,33.86,0.0,66.14,0.0,61.84,38.14,0.01,0.0,0.0,0.0,2.07,48.0,29.0,12.0,11.0,6.77,31.0,25.0
CS Ngangi III,2023-06-01,0.3589,0.4478,14.284,0.5769,0.4034,0.7055,0.5544,36.92,0.0,63.08,0.0,56.24,44.19,0.01,0.0,0.0,0.0,1.01,25.0,17.0,7.0,7.0,11.63,29.0,27.0
CS Ngangi III,2023-07-01,0.2301,0.5064,14.1187,0.3573,0.3682,0.7917,0.5799,23.61,0.0,76.39,0.0,51.66,48.35,0.02,0.0,0.0,0.0,1.08,16.0,16.0,8.0,8.0,12.89,29.0,25.0
CS Ngangi III,2023-08-01,0.215,0.5097,12.5811,0.5652,0.3624,0.8977,0.63,21.65,0.0,78.35,0.0,48.88,51.14,0.02,0.0,0.0,0.0,1.19,24.0,18.0,7.0,7.0,9.97,29.0,25.0
CS Ngangi III,2023-09-01,0.3374,0.6742,7.616,0.8262,0.5058,0.7582,0.632,34.62,0.0,65.38,0.0,32.74,67.6,0.02,0.03,0.01,0.0,0.91,13.0,12.0,1.0,1.0,6.97,23.0,20.0
CS Ngangi III,2023-10-01,0.4693,0.8333,3.854,0.4453,0.6513,0.8934,0.7723,47.1,0.0,52.9,0.0,19.64,82.02,0.01,0.0,0.01,0.0,0.93,7.0,5.0,1.0,1.0,3.71,20.0,13.0
CS Ngangi III,2023-11-01,0.5237,0.8946,0.9129,1.0782,0.7091,0.9835,0.8463,53.0,0.0,47.0,0.0,11.84,89.76,0.04,0.02,0.03,0.0,2.94,11.0,10.0,6.0,6.0,2.07,17.0,7.0
CS Ngangi III,2023-12-01,0.5119,0.8465,5.3318,1.1025,0.6792,0.8775,0.7784,51.5,0.0,48.5,0.0,15.55,84.74,0.02,0.02,0.0,0.0,1.63,11.0,8.0,4.0,4.0,3.53,23.0,14.0
CS Ngangi III,2024-01-01,0.5084,0.848,1.0401,0.7812,0.6782,0.9071,0.7927,51.76,0.0,48.24,0.0,15.42,84.58,0.05,0.04,0.01,0.0,1.09,8.0,6.0,0.0,0.0,2.62,16.0,8.0
CS Ngangi III,2024-02-01,0.4706,0.9049,1.6811,1.1269,0.6878,0.9471,0.8174,47.15,0.0,52.85,0.0,14.56,90.6,0.03,0.02,0.03,0.0,0.69,3.0,2.0,1.0,1.0,1.88,12.0,4.0
CS Ngangi III,2024-03-01,0.4995,0.9319,10.1503,0.6369,0.7157,0.8165,0.7661,50.99,0.0,49.01,0.0,6.53,93.63,0.03,0.0,0.01,0.0,4.86,8.0,8.0,7.0,7.0,1.71,11.0,4.0
CS Ngangi III,2024-04-01,0.4628,0.8376,3.9117,1.0839,0.6502,0.8826,0.7664,47.48,0.0,52.52,0.0,16.53,83.73,0.05,0.0,0.05,0.0,0.87,5.0,5.0,1.0,1.0,3.4,13.0,9.0
CS Ngangi III,2024-05-01,0.183,0.2913,7.8726,0.7853,0.2372,0.7195,0.4783,19.65,0.0,80.35,0.0,69.82,30.18,0.01,0.0,0.01,0.0,3.39,25.0,20.0,18.0,17.0,5.96,28.0,17.0
CS Ngangi III,2024-06-01,0.3333,0.469,10.8173,0.8077,0.4012,0.691,0.5461,33.45,0.0,66.55,0.0,54.09,45.89,0.02,0.0,0.0,0.0,1.41,25.0,19.0,10.0,9.0,9.68,28.0,23.0
CS Ngangi III,2024-07-01,0.6002,0.9029,0.0405,0.4485,0.7515,0.9994,0.8754,60.0,0.0,40.0,0.0,10.01,90.18,0.04,0.01,0.01,0.0,2.65,9.0,7.0,4.0,4.0,1.53,18.0,7.0
CS Ngangi III,2024-08-01,0.2879,0.3116,0.0,0.6667,0.2997,1.0,0.6498,28.7,0.0,71.3,0.0,68.82,31.18,0.0,0.0,0.0,0.0,9.48,6.0,5.0,4.0,4.0,3.33,5.0,1.0
CS Nzulo,2022-09-01,0.7229,0.7229,3.2813,1.216,0.7229,0.8783,0.8006,72.6,0.0,27.4,0.0,27.39,72.6,0.0,0.0,0.0,0.0,3.39,19.0,16.0,1.0,1.0,1.94,16.0,4.0
CS Nzulo,2022-10-01,0.7192,0.7204,7.0776,0.685,0.7198,0.7705,0.7451,73.51,0.0,26.49,0.0,26.49,73.51,0.0,0.0,0.0,0.0,6.19,32.0,29.0,6.0,6.0,1.16,29.0,0.0
CS Nzulo,2022-11-01,0.6798,0.6818,1.2553,0.9512,0.6808,1.0,0.8404,67.69,0.0,32.31,0.0,32.31,67.67,0.01,0.02,0.01,0.0,5.71,33.0,25.0,7.0,6.0,1.3,26.0,2.0
CS Nzulo,2022-12-01,0.3166,0.3166,0.0,0.5,0.3166,1.0,0.6583,31.66,0.0,68.34,0.0,68.31,31.66,0.0,0.0,0.0,0.0,19.0,36.0,31.0,31.0,28.0,4.75,31.0,2.0
CS Nzulo,2023-01-01,0.7425,0.7475,2.7763,0.5872,0.745,0.944,0.8445,75.51,0.0,24.49,0.0,24.44,75.59,0.01,0.0,0.01,0.0,6.24,31.0,31.0,8.0,8.0,1.85,31.0,2.0
CS Nzulo,2023-02-01,0.7186,0.7233,5.4907,0.5505,0.721,0.8573,0.7891,72.52,0.0,27.48,0.0,27.4,72.62,0.01,0.0,0.01,0.0,6.84,30.0,28.0,7.0,7.0,1.18,28.0,0.0
CS Nzulo,2023-03-01,0.6339,0.6465,2.9495,0.5461,0.6402,0.9515,0.7959,64.59,0.0,35.41,0.0,35.17,65.01,0.03,0.0,0.03,0.0,5.61,38.0,31.0,21.0,21.0,1.65,31.0,5.0
CS Nzulo,2023-04-01,0.5568,0.5648,3.9736,0.8149,0.5608,0.8088,0.6848,56.06,0.0,43.94,0.0,43.93,56.08,0.01,0.0,0.01,0.0,4.72,40.0,30.0,22.0,22.0,2.03,30.0,8.0
CS Nzulo,2023-05-01,0.5188,0.54,7.7139,0.8,0.5294,0.7648,0.6471,53.0,0.0,47.0,0.0,46.99,53.01,0.01,0.0,0.01,0.0,4.11,40.0,31.0,19.0,19.0,2.45,31.0,10.0
CS Nzulo,2023-06-01,0.4549,0.4674,2.2176,0.4583,0.4612,0.9106,0.6859,46.51,0.0,53.49,0.0,53.48,46.51,0.0,0.0,0.0,0.0,5.13,36.0,25.0,16.0,16.0,2.33,26.0,10.0
CS Nzulo,2023-07-01,0.556,0.5568,0.0,0.8093,0.5564,1.0,0.7782,55.63,0.0,44.37,0.0,44.36,55.66,0.0,0.0,0.0,0.0,2.61,50.0,26.0,9.0,9.0,4.16,30.0,22.0
CS Nzulo,2023-08-01,0.762,0.7621,0.0,0.5833,0.762,1.0,0.881,76.2,0.0,23.8,0.0,23.8,76.21,0.0,0.0,0.0,0.0,5.21,7.0,4.0,3.0,2.0,0.88,6.0,2.0
CSR Kipese,2022-06-01,0.5443,0.0061,0.0,0.0,0.2752,1.0,0.6376,54.43,12.32,33.25,0.0,16.72,0.61,0.35,95.1,0.22,34.94,,,,,,,,
CSR Kipese,2022-07-01,0.397,0.1322,0.1056,0.75,0.2646,0.9974,0.631,39.39,22.51,38.11,2.27,20.74,13.7,2.02,71.75,1.83,30.2,,,,,,,,
CSR Kipese,2022-08-01,0.3626,0.0371,1.4345,0.981,0.1998,0.9429,0.5714,37.47,5.2,57.33,0.0,34.29,3.59,2.8,66.34,2.67,41.37,,,,,,,,
CSR Kipese,2022-09-01,0.5222,0.0529,1.4175,0.8421,0.2875,0.9209,0.6042,51.9,24.14,23.96,5.68,13.83,5.09,5.39,57.14,5.36,14.04,,,,,,,,
CSR Kipese,2022-10-01,0.5589,0.0239,0.6062,0.741,0.2914,0.9643,0.6279,55.16,32.32,12.52,8.45,4.82,2.41,4.74,55.04,4.66,9.83,,,,,,,,
CSR Kipese,2022-11-01,0.4876,0.0256,0.7195,0.4444,0.2566,0.9995,0.6281,48.85,38.02,13.13,15.5,7.01,2.54,4.63,46.58,4.58,7.8,,,,,,,,
CSR Kipese,2022-12-01,0.4751,0.1947,0.9797,1.2624,0.3349,0.9464,0.6407,47.35,18.99,33.66,5.5,16.12,18.63,5.55,49.43,5.2,15.0,23.76,7.0,7.0,7.0,7.0,0.23,7.0,0.0
CSR Kipese,2023-01-01,0.5312,0.054,0.7726,0.8803,0.2926,0.9563,0.6244,52.71,4.08,43.21,0.0,15.45,5.63,4.87,72.6,4.74,22.64,,,,,,,,
CSR Kipese,2023-02-01,0.2772,0.0119,1.7472,0.9091,0.1446,0.8879,0.5162,28.78,1.07,70.15,0.0,26.45,0.83,4.99,45.19,4.82,14.33,24.0,26.0,26.0,26.0,26.0,1.0,26.0,0.0
CSR Kipese,2023-03-01,0.608,0.4254,3.428,1.1912,0.5167,0.8293,0.673,61.47,11.92,26.61,0.21,16.48,43.24,14.06,24.96,1.87,3.82,23.98,25.0,25.0,25.0,25.0,0.81,25.0,0.0
CSR Kipese,2023-04-01,0.697,0.4957,0.9413,0.2986,0.5963,0.993,0.7947,70.74,10.93,18.33,0.48,9.79,50.46,14.75,22.29,2.07,4.18,,,,,,,,
CSR Kipese,2023-05-01,0.7336,0.4462,1.8495,0.4802,0.5899,0.9916,0.7908,73.69,7.95,18.36,0.26,11.49,43.6,24.89,11.59,3.34,1.92,,,,,,,,
CSR Kipese,2023-06-01,0.6197,0.1964,2.2115,0.4406,0.4081,0.9583,0.6832,61.34,13.62,25.04,2.14,16.65,19.06,40.36,10.46,11.29,2.17,,,,,,,,
CSR Kipese,2023-07-01,0.7017,0.2441,0.6147,0.4825,0.4729,0.9736,0.7233,70.71,10.83,18.46,0.46,9.73,24.17,38.27,10.95,7.1,1.74,,,,,,,,
CSR Kipese,2023-08-01,0.5867,0.1755,1.4231,0.6764,0.3811,0.9673,0.6742,58.3,12.53,29.18,0.49,23.13,17.39,36.86,12.85,11.67,6.73,20.86,6.0,6.0,6.0,6.0,0.23,7.0,0.0
CSR Kipese,2023-09-01,0.4596,0.1414,2.9215,0.8857,0.3005,0.9098,0.6051,46.22,25.54,28.24,4.68,22.65,13.85,32.54,7.12,10.92,2.6,20.71,6.0,6.0,6.0,6.0,0.23,7.0,0.0
CSR Kipese,2023-10-01,0.5143,0.2459,0.8849,0.7238,0.3801,0.9886,0.6843,51.01,33.48,15.51,7.16,12.05,22.71,10.2,5.79,3.41,1.59,,,,,,,,
CSR Kipese,2023-11-01,0.3489,0.1077,1.4612,0.7532,0.2283,0.9493,0.5888,34.84,48.43,16.73,14.3,13.16,10.69,8.15,7.41,2.96,3.23,21.67,7.0,7.0,6.0,6.0,0.23,7.0,0.0
CSR Kipese,2023-12-01,0.536,0.2393,0.5936,0.6533,0.3877,0.9379,0.6628,53.27,30.66,16.07,5.98,9.7,22.89,10.42,11.18,4.43,2.16,,,,,,,,
CSR Kipese,2024-01-01,0.4012,0.175,0.2849,0.5208,0.2881,0.976,0.632,39.83,50.62,9.54,17.73,6.36,17.0,11.2,4.31,4.13,0.69,,,,,,,,
CSR Kipese,2024-02-01,0.3319,0.1466,1.115,0.5181,0.2392,0.995,0.6171,33.31,57.74,8.95,18.45,7.25,13.39,11.85,2.5,3.92,0.65,,,,,,,,
CSR Kipese,2024-03-01,0.4089,0.1183,0.8222,1.3999,0.2636,0.9931,0.6283,40.94,46.61,12.46,13.44,8.79,11.52,8.09,6.16,3.8,1.58,,,,,,,,
CSR Kipese,2024-04-01,0.3271,0.1124,0.9646,0.8413,0.2198,0.9463,0.583,32.62,47.7,19.68,19.97,16.88,10.91,8.23,4.54,4.03,1.6,7.83,1.0,1.0,0.0,0.0,0.03,1.0,0.0
CSR Kipese,2024-05-01,0.3309,0.0441,0.1817,0.4088,0.1875,0.9745,0.581,33.53,50.57,15.9,14.72,14.49,4.42,6.53,4.15,1.91,2.88,,,,,,,,
CSR Kipese,2024-06-01,0.2395,0.0798,2.7296,1.3248,0.1596,0.9676,0.5636,23.87,58.76,17.37,28.31,15.2,7.78,16.03,3.52,5.3,1.22,22.86,7.0,7.0,7.0,7.0,0.23,7.0,0.0
CSR Kipese,2024-07-01,0.2861,0.0738,3.6999,1.8722,0.18,0.8163,0.4981,28.24,41.48,30.28,18.26,25.92,6.91,13.17,11.96,8.75,5.78,0.33,0.0,0.0,0.0,0.0,0.03,1.0,0.0
CSR Kipese,2024-08-01,0.2503,0.0651,1.0014,1.0532,0.1577,0.9604,0.5591,24.21,64.02,11.77,28.37,10.37,5.98,19.65,2.32,9.51,0.99,,,,,,,,
CSR Kipese,2024-09-01,0.2411,0.0775,1.7912,0.835,0.1593,0.9568,0.5581,23.69,53.48,22.83,23.28,20.61,7.05,14.1,9.01,8.59,6.66,20.62,6.0,6.0,6.0,6.0,0.23,7.0,0.0
CSR Kipese,2024-10-01,0.1323,0.0601,0.0,3.0,0.0962,1.0,0.5481,13.0,59.04,27.95,7.47,25.71,6.13,11.96,4.19,8.22,0.15,,,,,,,,
CSR Kirumba,2022-06-01,0.0044,0.9894,0.0348,0.0,0.4969,1.0,0.7485,0.44,0.0,99.56,0.0,70.68,98.94,0.41,0.47,0.0,0.0,,,,,,,,
CSR Kirumba,2022-07-01,0.0527,0.8424,1.3357,0.8462,0.4476,0.9669,0.7072,5.27,0.0,94.73,0.0,81.01,84.25,4.98,5.17,0.05,0.11,0.74,4.0,2.0,1.0,1.0,1.48,15.0,5.0
CSR Kirumba,2022-08-01,0.0308,0.8536,0.1038,0.1205,0.4422,0.9998,0.721,3.08,0.0,96.92,0.0,95.78,85.36,3.07,9.01,0.01,0.89,13.13,15.0,14.0,15.0,14.0,0.84,19.0,2.0
CSR Kirumba,2022-09-01,0.06,0.7442,1.1305,1.158,0.4021,0.9487,0.6754,5.59,0.0,94.41,0.0,85.34,74.9,5.67,14.77,0.09,3.86,0.52,3.0,3.0,0.0,0.0,1.77,21.0,6.0
CSR Kirumba,2022-10-01,0.0509,0.7964,1.2873,0.8024,0.4236,0.8796,0.6516,5.09,1.27,93.63,1.07,60.46,79.95,3.86,10.95,0.63,1.34,0.63,2.0,1.0,1.0,1.0,1.52,17.0,4.0
CSR Kirumba,2022-11-01,0.1193,0.8317,0.4732,0.5714,0.4755,0.9991,0.7373,12.54,0.0,87.46,0.0,45.44,81.62,2.76,11.32,0.03,3.44,0.49,1.0,1.0,0.0,0.0,0.9,11.0,3.0
CSR Kirumba,2022-12-01,0.0429,0.772,1.2968,0.6821,0.4075,0.964,0.6857,4.29,0.0,95.7,0.0,65.24,76.08,3.07,15.0,0.26,3.84,1.17,3.0,2.0,1.0,1.0,0.94,13.0,4.0
CSR Kirumba,2023-01-01,0.044,0.7916,0.6932,0.81,0.4178,0.9988,0.7083,4.52,0.0,95.48,0.0,58.62,78.7,3.39,14.78,0.01,2.94,0.71,1.0,1.0,0.0,0.0,0.94,12.0,4.0
CSR Kirumba,2023-02-01,0.0285,0.6524,0.1606,0.4783,0.3404,0.9991,0.6698,2.98,0.22,96.81,0.0,68.77,63.92,2.24,29.55,0.42,9.52,0.35,0.0,0.0,0.0,0.0,0.36,7.0,1.0
CSR Kirumba,2023-03-01,0.0354,0.5421,0.6622,1.2152,0.2888,0.9645,0.6267,4.16,0.0,95.84,0.0,81.83,52.86,4.3,35.85,0.25,21.73,0.69,3.0,2.0,1.0,1.0,1.39,18.0,4.0
CSR Kirumba,2023-04-01,0.0264,0.6427,2.5459,0.6818,0.3346,0.9061,0.6204,2.52,0.0,97.48,0.0,88.68,64.67,0.5,22.99,0.02,10.67,0.79,5.0,3.0,1.0,1.0,2.7,14.0,10.0
CSR Kirumba,2023-05-01,0.027,0.9273,0.2237,0.8913,0.4772,0.9912,0.7342,2.9,0.02,97.08,0.0,80.53,92.01,0.14,5.78,0.01,0.49,0.26,0.0,0.0,0.0,0.0,0.77,14.0,2.0
CSR Kirumba,2023-06-01,0.0346,0.9141,0.3046,0.72,0.4744,0.9644,0.7194,3.64,0.0,96.36,0.0,82.78,84.93,0.15,5.78,0.15,0.4,0.58,2.0,2.0,0.0,0.0,2.1,17.0,5.0
CSR Kirumba,2023-07-01,0.1053,0.8127,0.3149,0.8182,0.459,0.9901,0.7245,9.82,0.0,90.18,0.0,88.14,80.72,0.02,3.76,0.02,0.03,11.94,23.0,21.0,22.0,21.0,3.23,25.0,4.0
CSR Kirumba,2024-04-01,0.8993,0.8993,0.0,0.6667,0.8993,1.0,0.9496,89.93,0.0,10.07,0.0,10.07,89.93,0.0,0.0,0.0,0.0,19.27,28.0,28.0,28.0,28.0,8.5,28.0,1.0
CSR Kirumba,2024-05-01,0.9206,0.9466,0.0,0.2944,0.9336,1.0,0.9668,92.88,0.0,7.12,0.0,7.1,92.9,0.01,0.0,0.01,0.0,1.47,9.0,7.0,1.0,1.0,1.23,9.0,6.0
CSR Kirumba,2024-06-01,0.8672,0.9864,0.007,0.8229,0.9268,1.0,0.9634,93.7,0.0,6.3,0.0,6.26,93.73,0.01,0.0,0.01,0.0,0.63,4.0,4.0,0.0,0.0,2.4,11.0,8.0
CSR Kirumba,2024-07-01,0.897,0.9203,0.0,0.5197,0.9086,1.0,0.9543,91.02,0.0,8.98,0.0,8.8,91.16,0.03,0.0,0.03,0.0,2.05,9.0,9.0,4.0,4.0,2.55,13.0,7.0
CSR Kirumba,2024-08-01,0.9312,0.9709,0.0,0.577,0.951,1.0,0.9755,94.75,0.0,5.25,0.0,5.12,94.87,0.01,0.0,0.01,0.0,4.91,6.0,6.0,3.0,3.0,0.52,9.0,1.0
CSR Kirumba,2024-09-01,0.892,0.9367,0.0,0.2308,0.9144,1.0,0.9572,91.4,0.0,8.6,0.0,8.6,91.4,0.0,0.0,0.0,0.0,11.24,17.0,15.0,14.0,14.0,1.82,15.0,2.0
CSR Kirumba,2024-10-01,0.9937,0.9937,0.0,0.4444,0.9937,1.0,0.9968,99.61,0.0,0.39,0.0,0.39,99.61,0.0,0.0,0.0,0.0,18.12,7.0,6.0,6.0,6.0,0.8,6.0,1.0
CSR Kitsombiro,2022-06-01,0.044,0.0662,0.17,1.0052,0.0551,0.9837,0.5194,4.4,85.0,10.6,70.64,10.39,6.62,82.09,0.9,33.44,0.21,22.17,1.0,1.0,1.0,1.0,0.33,1.0,0.0
CSR Kitsombiro,2022-07-01,0.0667,0.0679,9.2179,2.25,0.0673,0.6581,0.3627,6.67,50.46,42.87,36.56,42.09,6.79,48.83,2.74,19.39,0.66,12.14,10.0,10.0,8.0,8.0,0.48,13.0,0.0
CSR Kitsombiro,2022-08-01,0.053,0.068,4.5766,0.9005,0.0605,0.8043,0.4324,5.3,72.2,22.5,53.21,22.23,6.8,69.28,1.81,29.15,0.16,16.33,3.0,3.0,3.0,3.0,0.1,3.0,0.0
CSR Kitsombiro,2022-09-01,0.0643,0.0821,4.4839,1.1163,0.0732,0.8795,0.4764,6.43,71.12,22.45,53.01,22.06,8.21,67.41,2.37,29.39,0.23,3.24,8.0,7.0,3.0,2.0,0.57,9.0,2.0
CSR Kitsombiro,2022-10-01,0.0882,0.0992,8.3683,1.6788,0.0937,0.6709,0.3823,8.82,53.34,37.84,36.64,37.04,9.92,49.39,4.08,17.3,0.76,8.74,15.0,12.0,11.0,11.0,0.81,16.0,2.0
CSR Kitsombiro,2022-11-01,0.0719,0.08,4.2523,1.0646,0.076,0.8024,0.4392,7.19,70.83,21.98,54.88,21.36,8.0,67.79,2.95,27.41,0.38,5.74,16.0,12.0,10.0,8.0,0.97,18.0,2.0
CSR Kitsombiro,2022-12-01,0.089,0.1109,4.2513,0.8278,0.1,0.8159,0.4579,8.9,73.15,17.94,55.81,17.71,11.09,68.75,2.41,31.95,0.09,3.8,15.0,12.0,2.0,2.0,0.71,16.0,1.0
CSR Kitsombiro,2023-01-01,0.0893,0.0835,5.91,0.9092,0.0864,0.8159,0.4511,8.93,64.72,26.35,52.24,25.72,8.35,62.19,3.71,35.01,0.42,4.78,15.0,14.0,4.0,4.0,0.74,16.0,1.0
CSR Kitsombiro,2023-02-01,0.1027,0.0961,8.6427,1.5919,0.0994,0.6251,0.3622,10.27,50.6,39.13,37.68,38.16,9.61,47.68,4.79,22.17,0.6,18.46,18.0,18.0,14.0,14.0,0.64,18.0,0.0
CSR Kitsombiro,2023-03-01,0.084,0.0957,4.5405,1.0401,0.0898,0.8435,0.4667,8.4,71.16,20.44,56.77,19.86,9.57,67.51,3.11,36.97,0.2,23.22,10.0,10.0,10.0,10.0,0.32,10.0,0.0
CSR Kitsombiro,2023-04-01,0.0934,0.0937,4.9022,0.6854,0.0935,0.8515,0.4725,9.34,69.23,21.43,54.35,20.7,9.37,66.36,3.74,34.33,0.36,,,,,,,,
CSR Kitsombiro,2023-05-01,0.0802,0.0903,4.1988,0.9667,0.0852,0.8196,0.4524,8.02,72.39,19.59,58.31,19.1,9.03,68.67,3.26,37.1,0.28,22.02,14.0,14.0,13.0,13.0,0.45,14.0,0.0
CSR Kitsombiro,2023-06-01,0.0982,0.0983,6.3234,1.0217,0.0982,0.7991,0.4487,9.82,62.36,27.83,50.22,27.38,9.83,58.8,4.07,33.67,0.3,1.67,0.0,0.0,0.0,0.0,0.03,1.0,0.0
CSR Kitsombiro,2023-07-01,0.0926,0.0871,6.4005,0.7148,0.0898,0.8245,0.4571,9.26,61.76,28.97,49.49,27.69,8.71,60.27,3.55,35.32,0.45,7.0,1.0,1.0,0.0,0.0,0.03,1.0,0.0
CSR Kitsombiro,2023-08-01,0.1406,0.1086,7.1468,1.3063,0.1246,0.7695,0.447,14.06,52.61,33.33,42.62,31.15,10.86,51.32,7.14,28.9,0.7,22.02,17.0,16.0,17.0,16.0,0.55,16.0,0.0
CSR Kitsombiro,2023-09-01,0.144,0.1263,5.5747,2.0204,0.1352,0.7051,0.4202,14.4,56.8,28.8,43.7,27.28,12.63,56.12,4.39,30.68,0.39,7.46,2.0,2.0,2.0,2.0,0.13,3.0,0.0
CSR Kitsombiro,2023-10-01,0.079,0.0756,5.7405,1.0843,0.0773,0.7706,0.4239,7.9,64.68,27.43,51.75,26.77,7.56,63.79,2.13,37.48,0.34,13.0,2.0,2.0,2.0,2.0,0.1,3.0,0.0
CSR Kitsombiro,2023-11-01,0.0886,0.0827,3.4862,0.25,0.0856,0.9612,0.5234,8.86,76.52,14.62,65.9,14.16,8.27,75.86,1.74,48.12,0.06,13.75,2.0,2.0,2.0,2.0,0.07,2.0,0.0
CSR Kitsombiro,2023-12-01,0.1181,0.1119,2.0578,1.0,0.115,0.9437,0.5294,11.81,77.43,10.76,64.99,10.28,11.19,76.33,2.25,46.34,0.09,17.58,6.0,6.0,4.0,4.0,0.19,6.0,0.0
CSR Kitsombiro,2024-01-01,0.0827,0.0856,2.4937,0.775,0.0842,0.8393,0.4618,8.27,68.52,23.22,57.31,22.42,8.56,65.46,3.74,39.61,0.55,4.03,20.0,18.0,6.0,6.0,1.68,21.0,8.0
CSR Kitsombiro,2024-02-01,0.0657,0.0706,0.0,0.1882,0.0681,1.0,0.534,6.57,66.59,26.84,53.67,26.55,7.06,65.38,2.17,35.94,0.16,1.86,30.0,21.0,0.0,0.0,2.9,29.0,17.0
CSR Kitsombiro,2024-03-01,0.0973,0.1017,0.0,0.4545,0.0995,1.0,0.5498,9.73,63.89,26.38,48.02,25.98,10.17,60.64,3.27,28.96,0.26,2.03,31.0,24.0,0.0,0.0,2.77,31.0,15.0
CSR Kitsombiro,2024-04-01,0.2051,0.1334,0.0,0.6842,0.1693,1.0,0.5846,20.51,54.11,25.38,30.18,21.98,13.34,59.27,5.69,29.51,0.45,1.91,25.0,19.0,0.0,0.0,2.47,27.0,16.0
CSR Kitsombiro,2024-05-01,0.3766,0.3034,0.0,1.1333,0.34,1.0,0.67,37.66,37.0,25.34,16.0,22.23,30.34,44.03,4.03,22.43,0.43,5.91,25.0,23.0,13.0,13.0,3.47,29.0,9.0
CSR Kitsombiro,2024-06-01,0.5418,0.5865,0.0,0.3269,0.5641,1.0,0.782,60.72,20.16,19.12,13.42,17.27,58.0,21.05,4.37,10.59,0.66,0.39,2.0,2.0,0.0,0.0,2.77,26.0,12.0
CSR Kitsombiro,2024-07-01,0.4464,0.504,0.0,0.6415,0.4752,1.0,0.7376,55.78,26.65,17.57,18.68,16.24,53.97,26.94,3.07,14.01,0.46,0.41,1.0,1.0,0.0,0.0,2.13,21.0,11.0
CSR Kitsombiro,2024-08-01,0.4722,0.4995,0.0,0.6792,0.4858,1.0,0.7429,55.78,26.42,17.8,18.01,16.0,53.43,27.65,3.39,14.96,0.65,0.29,1.0,1.0,0.0,0.0,2.13,24.0,10.0
CSR Kitsombiro,2024-09-01,0.5075,0.5408,0.0,0.6898,0.5241,1.0,0.762,54.26,11.14,34.6,6.34,31.61,52.15,11.86,7.58,5.4,3.59,0.8,21.0,17.0,0.0,0.0,9.7,29.0,25.0
CSR Kitsombiro,2024-10-01,0.5611,0.5401,0.0,0.27,0.5506,1.0,0.7753,56.63,18.09,25.29,10.29,23.13,54.07,19.52,6.34,9.23,3.56,1.33,16.0,11.0,0.0,0.0,6.27,15.0,11.0
CSR Kiziba,2022-06-01,0.1173,0.0047,15.4019,0.5299,0.061,0.6758,0.3684,12.51,11.06,76.43,0.1,72.12,0.53,24.26,0.1,8.31,0.05,3.98,37.0,24.0,17.0,17.0,4.04,24.0,20.0
CSR Kiziba,2022-07-01,0.4774,0.4343,9.5444,0.9634,0.4558,0.6559,0.5559,44.01,5.3,50.69,0.04,48.82,36.33,12.63,0.06,5.12,0.03,1.93,35.0,21.0,11.0,11.0,5.03,27.0,18.0
CSR Kiziba,2022-08-01,0.2341,0.1687,13.2149,0.9587,0.2014,0.741,0.4712,25.89,10.13,63.98,0.81,62.13,17.01,15.01,0.0,6.03,0.0,3.18,50.0,25.0,14.0,14.0,4.27,29.0,24.0
CSR Kiziba,2022-09-01,0.4301,0.5055,0.0,0.2082,0.4678,1.0,0.7339,47.41,8.02,44.57,2.28,43.32,44.27,7.84,0.0,3.7,0.0,0.81,14.0,11.0,8.0,8.0,11.67,29.0,25.0
CSR Kiziba,2022-10-01,0.392,0.5439,0.0,0.5863,0.468,1.0,0.734,46.74,12.01,41.25,4.92,40.7,44.52,6.56,0.01,3.91,0.0,0.94,9.0,7.0,6.0,6.0,5.68,23.0,14.0
CSR Kiziba,2022-11-01,0.3939,0.4996,0.0,0.2502,0.4468,1.0,0.7234,45.97,9.79,44.24,4.18,43.58,42.61,7.21,0.0,3.89,0.0,1.42,13.0,13.0,10.0,10.0,6.81,25.0,16.0
CSR Kiziba,2022-12-01,0.4634,0.5742,0.0,0.4478,0.5188,1.0,0.7594,51.1,7.82,41.08,2.87,40.44,48.22,5.91,0.04,3.06,0.04,1.76,18.0,11.0,8.0,8.0,4.96,26.0,15.0
CSR Kiziba,2023-01-01,0.6765,0.775,0.5636,0.6571,0.7258,0.9734,0.8496,72.21,0.52,27.27,0.01,27.25,72.08,0.2,0.0,0.19,0.0,0.82,14.0,11.0,3.0,2.0,7.37,25.0,20.0
CSR Kiziba,2023-02-01,0.9266,0.9311,0.7513,1.0,0.9288,0.9533,0.941,93.03,0.0,6.97,0.0,6.93,93.02,0.05,0.0,0.05,0.0,2.5,6.0,6.0,3.0,3.0,1.56,16.0,7.0
CSR Kiziba,2023-03-01,0.9204,0.9272,1.3821,0.6087,0.9238,0.9796,0.9517,92.21,0.0,7.79,0.0,7.66,92.32,0.02,0.0,0.02,0.0,0.71,3.0,2.0,0.0,0.0,1.87,14.0,9.0
CSR Kiziba,2023-04-01,0.878,0.9419,0.8186,0.75,0.91,0.969,0.9395,88.43,0.0,11.57,0.0,8.18,91.82,0.01,0.0,0.01,0.0,0.54,2.0,2.0,1.0,1.0,3.43,19.0,11.0
CSR Kiziba,2023-05-01,0.8795,0.9882,0.0348,0.2311,0.9338,1.0,0.9669,93.17,0.0,6.83,0.0,6.72,93.17,0.07,0.0,0.07,0.0,0.32,0.0,0.0,0.0,0.0,0.58,8.0,2.0
CSR Kiziba,2023-06-01,0.8397,0.8995,0.0465,0.5,0.8696,0.9957,0.9326,88.37,0.0,11.63,0.0,11.37,88.53,0.09,0.0,0.09,0.0,2.58,12.0,12.0,12.0,12.0,6.2,22.0,9.0
CSR Kiziba,2023-11-01,0.7034,0.773,0.4102,0.7059,0.7382,0.9897,0.8639,70.77,0.0,29.23,0.0,27.1,75.4,1.03,0.01,1.02,0.0,3.39,21.0,19.0,11.0,11.0,4.85,28.0,9.0
CSR Kiziba,2023-12-01,0.8443,0.8673,0.0071,0.6523,0.8558,1.0,0.9279,84.95,0.0,15.05,0.0,13.79,86.11,0.14,0.06,0.14,0.0,1.92,14.0,9.0,2.0,2.0,1.61,17.0,5.0
CSR Kiziba,2024-01-01,0.8846,0.9017,0.0,0.2381,0.8932,1.0,0.9466,88.46,0.0,11.54,0.0,11.47,90.17,0.94,0.02,0.94,0.0,2.3,10.0,8.0,2.0,2.0,0.84,15.0,3.0
CSR Kiziba,2024-02-01,0.9894,0.9923,0.0,0.45,0.9908,1.0,0.9954,98.94,0.0,1.06,0.0,0.74,99.23,0.02,0.0,0.02,0.0,1.38,1.0,1.0,0.0,0.0,0.14,4.0,0.0
CSR Kiziba,2024-03-01,0.9617,0.9676,0.0007,0.6119,0.9646,1.0,0.9823,96.17,0.0,3.83,0.0,3.23,96.76,0.01,0.0,0.01,0.0,0.95,2.0,2.0,0.0,0.0,0.71,13.0,2.0
CSR Kiziba,2024-04-01,0.9777,0.9812,0.0057,0.7981,0.9794,0.9998,0.9896,97.77,0.0,2.23,0.0,1.87,98.12,0.02,0.0,0.02,0.0,0.94,2.0,2.0,0.0,0.0,0.37,7.0,1.0
CSR Kiziba,2024-05-01,0.9763,0.9844,0.0,0.6429,0.9804,1.0,0.9902,97.63,0.0,2.37,0.0,1.54,98.44,0.03,0.0,0.03,0.0,2.06,3.0,3.0,0.0,0.0,0.19,6.0,0.0
CSR Kiziba,2024-06-01,0.9422,0.9423,0.0,0.7778,0.9422,1.0,0.9711,94.22,0.0,5.78,0.0,5.51,94.23,0.14,0.0,0.14,0.0,2.26,5.0,5.0,0.0,0.0,0.5,7.0,3.0
CSR Kiziba,2024-07-01,0.9254,0.9252,0.0,0.641,0.9253,1.0,0.9626,92.54,0.0,7.46,0.0,7.45,92.52,0.0,0.02,0.0,0.0,1.44,8.0,6.0,1.0,1.0,1.32,19.0,5.0
CSR Kiziba,2024-08-01,0.7342,0.7345,0.0,0.5253,0.7344,1.0,0.8672,73.33,0.0,26.67,0.0,26.65,73.33,0.11,0.01,0.11,0.01,4.29,24.0,18.0,13.0,12.0,2.17,27.0,12.0
CSR Kiziba,2024-09-01,0.6877,0.6883,0.001,0.4617,0.688,1.0,0.844,68.77,0.01,31.22,0.0,31.18,68.83,0.01,0.0,0.01,0.0,4.4,29.0,23.0,15.0,15.0,2.1,29.0,10.0
CSR Kiziba,2024-10-01,0.3949,0.3952,0.0,0.0901,0.395,1.0,0.6975,39.49,0.0,60.51,0.0,60.47,39.52,0.01,0.0,0.01,0.0,4.44,30.0,15.0,8.0,8.0,3.27,15.0,10.0
CUG Butembo,2022-06-01,0.8488,0.8471,0.0224,0.8889,0.848,0.9995,0.9238,85.45,0.0,14.55,0.0,10.36,84.58,0.08,11.61,0.08,7.21,0.7,1.0,1.0,0.0,0.0,1.4,3.0,1.0
CUG Butembo,2022-07-01,0.8937,0.9607,0.1219,0.2657,0.9272,0.9988,0.963,81.09,0.0,18.91,0.0,8.0,95.42,1.86,1.42,0.04,0.03,0.42,0.0,0.0,0.0,0.0,0.84,9.0,3.0
CUG Butembo,2022-08-01,0.4882,0.7513,0.0201,0.7692,0.6198,1.0,0.8099,50.62,0.04,49.34,0.04,28.94,70.36,12.65,16.11,0.8,0.71,0.36,0.0,0.0,0.0,0.0,0.55,2.0,2.0
CUG Butembo,2022-09-01,0.6534,0.8619,0.0143,0.4171,0.7576,0.9999,0.8787,67.07,0.01,32.92,0.0,12.93,85.59,9.39,4.48,0.19,1.11,0.36,0.0,0.0,0.0,0.0,0.23,3.0,1.0
CUG Butembo,2022-10-01,0.5659,0.8479,0.0381,0.6916,0.7069,0.9994,0.8531,55.28,0.0,44.72,0.0,22.62,83.41,8.24,5.02,0.07,0.41,0.52,0.0,0.0,0.0,0.0,0.81,9.0,2.0
CUG Butembo,2022-11-01,0.6185,0.7892,0.0042,0.5039,0.7039,0.9998,0.8519,61.62,0.83,37.55,0.79,12.9,75.64,8.92,8.95,1.1,1.27,0.36,1.0,1.0,0.0,0.0,2.47,10.0,8.0
CUG Butembo,2022-12-01,0.9584,0.9933,0.0501,0.6084,0.9758,0.9974,0.9866,96.5,0.0,3.5,0.0,0.59,99.34,0.08,0.0,0.08,0.0,0.22,0.0,0.0,0.0,0.0,0.39,11.0,0.0
CUG Butembo,2023-01-01,0.9665,0.9942,0.0787,0.6482,0.9804,0.9954,0.9879,96.36,0.02,3.63,0.02,0.78,99.13,0.09,0.0,0.09,0.0,0.27,0.0,0.0,0.0,0.0,0.68,11.0,2.0
CUG Butembo,2023-02-01,0.9852,0.9931,0.1262,0.3913,0.9892,0.9977,0.9935,98.55,0.0,1.45,0.0,0.68,99.28,0.04,0.0,0.04,0.0,0.21,0.0,0.0,0.0,0.0,0.57,13.0,1.0
CUG Butembo,2023-03-01,0.7732,0.9284,0.0325,0.3126,0.8508,0.9992,0.925,81.73,0.0,18.27,0.0,8.23,91.86,0.48,0.0,0.47,0.0,0.87,3.0,2.0,0.0,0.0,0.97,11.0,4.0
CUG Butembo,2023-04-01,0.7968,0.9506,0.0161,0.2727,0.8737,0.9993,0.9365,80.27,0.35,19.38,0.0,10.0,90.17,0.6,0.0,0.6,0.0,2.01,7.0,6.0,3.0,3.0,1.69,14.0,5.0
CUG Butembo,2023-05-01,0.9523,0.974,0.0125,0.9086,0.9632,0.9998,0.9815,95.0,1.1,3.9,0.0,2.86,97.12,0.02,0.0,0.02,0.0,0.48,1.0,1.0,0.0,0.0,1.13,9.0,3.0
CUG Butembo,2023-06-01,0.9623,0.9839,0.0,0.4838,0.9731,1.0,0.9866,96.23,0.86,2.9,0.0,2.24,98.39,0.06,0.0,0.06,0.0,0.46,0.0,0.0,0.0,0.0,0.14,4.0,0.0
CUG Butembo,2023-07-01,0.8788,0.945,0.0086,0.479,0.9119,0.9993,0.9556,88.03,0.39,11.58,0.0,5.88,93.97,0.06,0.09,0.06,0.02,0.99,2.0,1.0,1.0,1.0,1.3,7.0,3.0
CUG Butembo,2023-08-01,0.915,0.9586,0.0073,0.3916,0.9368,1.0,0.9684,91.45,0.43,8.12,0.0,4.71,94.43,0.39,0.44,0.2,0.03,0.7,2.0,2.0,1.0,1.0,1.42,7.0,3.0
CUG Butembo,2023-09-01,0.9362,0.9911,0.0263,0.4957,0.9636,0.9999,0.9817,93.03,1.19,5.78,0.0,1.03,99.07,0.01,0.01,0.01,0.01,0.38,0.0,0.0,0.0,0.0,0.27,6.0,0.0
CUG Butembo,2023-10-01,0.9468,0.975,0.0292,0.5646,0.9609,0.9995,0.9802,92.87,0.56,6.57,0.0,0.97,96.61,1.53,0.91,0.75,0.12,0.36,0.0,0.0,0.0,0.0,0.48,7.0,1.0
CUG Butembo,2023-11-01,0.9669,0.9656,0.0517,0.3684,0.9662,0.9994,0.9828,96.56,0.34,3.1,0.0,1.63,95.39,1.84,0.83,1.23,0.11,0.42,1.0,1.0,0.0,0.0,0.87,9.0,4.0
CUG Butembo,2023-12-01,0.9484,0.9659,0.0078,0.2506,0.9572,0.9999,0.9785,94.54,1.2,4.26,0.01,3.16,95.08,0.91,0.79,0.46,0.08,0.27,0.0,0.0,0.0,0.0,1.0,12.0,4.0
CUG Butembo,2024-01-01,0.9594,0.9752,0.0158,0.4756,0.9673,0.9989,0.9831,95.37,1.9,2.73,0.0,1.2,97.13,0.53,0.82,0.5,0.02,0.33,0.0,0.0,0.0,0.0,0.35,8.0,1.0
CUG Butembo,2024-02-01,0.895,0.9693,0.0118,0.6668,0.9322,0.9998,0.966,90.52,3.17,6.31,0.01,4.91,93.85,0.43,0.61,0.4,0.01,0.71,2.0,2.0,0.0,0.0,1.21,6.0,5.0
CUG Butembo,2024-03-01,0.8736,0.9363,0.0,0.9603,0.905,1.0,0.9525,87.36,0.64,12.0,0.0,6.35,93.63,0.02,0.0,0.02,0.0,2.62,8.0,6.0,4.0,4.0,1.03,9.0,3.0
CUG Butembo,2024-04-01,0.8681,0.9794,0.0,0.8478,0.9238,1.0,0.9619,86.81,0.25,12.93,0.0,2.27,97.94,0.01,0.69,0.01,0.22,0.56,0.0,0.0,0.0,0.0,0.47,9.0,1.0
CUG Butembo,2024-05-01,0.8335,0.9388,0.0,0.3542,0.8862,1.0,0.9431,83.35,0.01,16.64,0.0,1.59,93.88,0.02,5.3,0.02,1.54,0.39,0.0,0.0,0.0,0.0,0.52,13.0,1.0
CUG Butembo,2024-06-01,0.749,0.9287,0.0,1.0693,0.8388,1.0,0.9194,74.9,0.19,24.9,0.0,4.18,92.87,0.03,3.43,0.03,2.81,5.64,7.0,6.0,6.0,6.0,0.92,12.0,2.0
CUG Butembo,2024-07-01,0.7047,0.8248,0.0,0.0,0.7648,1.0,0.8824,70.47,0.0,29.53,0.0,13.99,82.48,0.04,5.27,0.04,3.88,19.42,29.0,28.0,28.0,28.0,8.75,28.0,1.0
CUG Butembo,2024-08-01,0.8734,0.8941,0.0022,0.2414,0.8838,1.0,0.9419,87.34,0.03,12.63,0.02,1.51,89.41,0.02,9.4,0.01,3.61,0.89,1.0,1.0,1.0,1.0,1.07,19.0,3.0
CUG Butembo,2024-09-01,0.948,0.9192,0.0,0.3846,0.9336,1.0,0.9668,94.8,0.01,5.19,0.0,3.14,91.92,0.01,4.96,0.01,2.11,0.91,3.0,1.0,1.0,1.0,1.43,16.0,5.0
CUG Butembo,2024-10-01,0.9566,0.9602,0.0,0.6786,0.9584,1.0,0.9792,95.66,0.0,4.34,0.0,0.13,96.02,0.0,3.89,0.0,0.48,0.17,0.0,0.0,0.0,0.0,0.13,2.0,0.0
HGR Beni,2022-06-01,0.9642,0.9985,0.0235,0.6198,0.9814,0.9991,0.9903,96.42,0.0,3.58,0.0,0.14,99.85,0.0,0.0,0.0,0.0,,,,,,,,
HGR Beni,2022-07-01,0.9878,0.9924,0.0256,0.2727,0.9901,0.9997,0.9949,98.78,0.03,1.19,0.0,0.65,99.24,0.08,0.0,0.08,0.0,,,,,,,,
HGR Beni,2022-08-01,0.9967,0.994,0.0281,0.8682,0.9954,0.9994,0.9974,99.67,0.0,0.33,0.0,0.2,99.4,0.24,0.0,0.24,0.0,,,,,,,,
HGR Beni,2022-09-01,0.9967,0.9962,0.03,0.5848,0.9964,0.9983,0.9974,99.67,0.0,0.33,0.0,0.32,99.62,0.06,0.0,0.06,0.0,,,,,,,,
HGR Beni,2022-10-01,0.9978,0.9971,0.0298,0.6003,0.9974,0.9984,0.9979,99.78,0.0,0.22,0.0,0.17,99.71,0.06,0.0,0.06,0.0,,,,,,,,
HGR Beni,2022-11-01,0.9976,0.9953,0.0258,0.8653,0.9964,0.9983,0.9973,99.76,0.0,0.24,0.0,0.2,99.53,0.17,0.0,0.15,0.0,,,,,,,,
HGR Beni,2022-12-01,0.9955,0.996,0.0471,0.6277,0.9958,0.9977,0.9967,99.55,0.0,0.45,0.0,0.37,99.6,0.04,0.0,0.02,0.0,,,,,,,,
HGR Beni,2023-01-01,0.9909,0.9954,0.0779,0.6609,0.9932,0.9978,0.9955,99.09,0.0,0.91,0.0,0.35,99.54,0.08,0.0,0.08,0.0,,,,,,,,
HGR Beni,2023-02-01,0.9899,0.9962,0.0759,1.2085,0.993,0.9967,0.9948,98.99,0.12,0.89,0.0,0.38,99.62,0.0,0.0,0.0,0.0,,,,,,,,
HGR Beni,2023-03-01,0.9905,0.9977,0.046,0.629,0.9941,0.9985,0.9963,99.05,0.09,0.86,0.0,0.23,99.77,0.0,0.0,0.0,0.0,,,,,,,,
HGR Beni,2023-04-01,0.8729,0.8893,0.0005,0.5556,0.8811,1.0,0.9405,87.29,0.0,12.71,0.0,11.05,88.93,0.02,0.0,0.02,0.0,,,,,,,,
HGR Beni,2023-05-01,0.1733,0.1683,0.0,0.2963,0.1708,1.0,0.5854,17.33,0.0,82.67,0.0,82.67,16.83,0.0,0.0,0.0,0.0,,,,,,,,
HGR Beni,2023-06-01,0.9894,0.9954,0.0329,0.59,0.9924,0.9999,0.9961,98.94,0.04,1.02,0.0,0.43,99.54,0.05,0.0,0.05,0.0,,,,,,,,
HGR Beni,2023-07-01,0.9516,0.9713,0.0498,0.6637,0.9614,0.9985,0.9799,95.16,0.07,4.77,0.0,2.83,97.13,0.03,0.0,0.02,0.0,,,,,,,,
HGR Beni,2023-08-01,0.7443,0.9895,0.0055,0.3913,0.8669,0.9999,0.9334,74.43,0.0,25.57,0.0,1.02,98.95,0.01,0.0,0.01,0.0,,,,,,,,
HGR Beni,2023-09-01,0.7772,0.9629,0.0293,0.5213,0.87,0.9987,0.9344,77.72,0.01,22.27,0.0,3.8,96.29,0.01,0.01,0.01,0.0,,,,,,,,
HGR Beni,2023-10-01,0.7453,0.7556,0.0316,0.4545,0.7505,0.9999,0.8752,74.53,0.0,25.47,0.0,4.87,75.56,19.95,0.0,0.12,0.0,,,,,,,,
HGR Beni,2023-11-01,0.7403,0.9401,0.0253,0.3186,0.8402,0.9996,0.9199,74.03,0.0,25.97,0.0,5.99,94.01,0.0,0.0,0.0,0.0,,,,,,,,
HGR Beni,2023-12-01,0.6437,0.9875,0.0199,0.0909,0.8156,1.0,0.9078,64.37,0.0,35.63,0.0,1.25,98.75,0.0,0.0,0.0,0.0,,,,,,,,
HGR Beni,2024-01-01,0.5826,0.9809,0.0,0.2342,0.7817,1.0,0.8908,58.26,0.0,41.74,0.0,1.91,98.09,0.0,0.0,0.0,0.0,,,,,,,,
HGR Beni,2024-02-01,0.6459,0.9126,0.0226,0.35,0.7792,0.9992,0.8892,64.59,0.0,35.41,0.0,8.73,91.26,0.01,0.0,0.01,0.0,,,,,,,,
HGR Beni,2024-03-01,0.6319,0.9289,0.0034,0.5263,0.7804,0.9998,0.8901,63.19,0.0,36.81,0.0,7.18,92.89,0.01,0.0,0.0,0.0,,,,,,,,
HGR Beni,2024-04-01,0.7389,0.9333,0.0284,1.1223,0.8361,0.9964,0.9163,73.89,0.0,26.11,0.0,6.7,93.33,0.0,0.0,0.0,0.0,,,,,,,,
HGR Beni,2024-05-01,0.8597,0.93,0.0,0.7397,0.8948,1.0,0.9474,85.97,0.0,14.03,0.0,6.99,93.0,0.01,0.0,0.01,0.0,,,,,,,,
HGR Beni,2024-06-01,0.9015,0.9575,0.0,0.75,0.9295,1.0,0.9648,90.15,0.0,9.85,0.0,4.23,95.75,0.02,0.0,0.02,0.0,,,,,,,,
HGR Beni,2024-07-01,0.8643,0.9289,0.0015,0.7421,0.8966,1.0,0.9483,86.43,0.0,13.57,0.0,7.09,92.89,0.01,0.0,0.01,0.0,,,,,,,,
HGR Beni,2024-08-01,0.8616,0.9309,0.0,0.683,0.8962,1.0,0.9481,86.16,0.0,13.84,0.0,6.91,93.09,0.19,0.12,0.17,0.09,,,,,,,,
HGR Beni,2024-09-01,0.7676,0.9082,0.0,0.3343,0.8379,1.0,0.919,76.76,0.0,23.24,0.0,9.18,90.82,0.05,0.01,0.05,0.01,,,,,,,,
HGR Beni,2024-10-01,0.5137,0.9781,0.0,0.0,0.7459,1.0,0.873,51.37,0.0,48.63,0.0,2.19,97.81,0.0,0.0,0.0,0.0,,,,,,,,
HGR Katwa,2022-06-01,0.6583,0.9483,0.1192,0.3337,0.8033,0.9991,0.9012,65.83,0.0,34.17,0.0,1.83,94.83,4.49,0.01,0.17,0.01,0.33,0.0,0.0,0.0,0.0,0.45,3.0,0.0
HGR Katwa,2022-07-01,0.6278,0.8699,0.1829,0.76,0.7488,0.9824,0.8656,62.78,0.0,37.22,0.0,1.76,86.99,11.61,0.0,0.09,0.0,0.32,0.0,0.0,0.0,0.0,0.58,14.0,0.0
HGR Katwa,2022-08-01,0.7003,0.9279,0.0691,0.4231,0.8141,0.999,0.9066,70.03,0.0,29.97,0.0,0.77,92.79,6.89,0.0,0.0,0.0,0.22,0.0,0.0,0.0,0.0,0.29,7.0,0.0
HGR Katwa,2022-09-01,0.5733,0.9489,0.1094,0.3333,0.7611,0.9996,0.8804,57.33,0.0,42.67,0.0,2.25,94.89,4.65,0.0,0.03,0.0,0.44,0.0,0.0,0.0,0.0,0.2,5.0,0.0
HGR Katwa,2022-10-01,0.7403,0.9398,0.083,1.1257,0.84,0.9981,0.919,74.03,0.0,25.97,0.0,0.68,93.98,5.54,0.0,0.04,0.0,0.23,0.0,0.0,0.0,0.0,0.42,11.0,1.0
HGR Katwa,2022-11-01,0.7441,0.9396,0.0958,0.8213,0.8418,0.9928,0.9173,74.41,0.0,25.59,0.0,0.68,93.96,5.56,0.0,0.1,0.0,0.19,0.0,0.0,0.0,0.0,0.47,11.0,1.0
HGR Katwa,2022-12-01,0.7492,0.9641,0.0903,0.8198,0.8566,0.9914,0.924,74.92,0.01,25.07,0.01,0.41,96.41,3.03,0.0,0.05,0.0,0.21,0.0,0.0,0.0,0.0,0.26,7.0,0.0
HGR Katwa,2023-01-01,0.5873,0.9666,0.1455,0.9868,0.777,0.9927,0.8848,58.73,0.0,41.27,0.0,0.91,96.66,2.61,0.02,0.03,0.0,0.26,0.0,0.0,0.0,0.0,0.42,11.0,0.0
HGR Katwa,2023-02-01,0.651,0.9436,0.2509,1.0013,0.7973,0.9739,0.8856,65.1,0.0,34.9,0.0,1.52,94.36,4.34,0.0,0.13,0.0,0.22,0.0,0.0,0.0,0.0,0.96,16.0,3.0
HGR Katwa,2023-03-01,0.723,0.9322,0.0826,0.7017,0.8276,0.9981,0.9128,72.3,0.01,27.69,0.0,1.52,93.22,5.4,0.76,0.05,0.0,0.35,0.0,0.0,0.0,0.0,0.42,12.0,0.0
HGR Katwa,2023-04-01,0.6644,0.902,0.1037,0.6493,0.7832,0.9977,0.8904,66.44,0.0,33.56,0.0,7.43,90.2,1.14,8.16,0.09,0.03,0.28,0.0,0.0,0.0,0.0,0.4,9.0,1.0
HGR Katwa,2023-05-01,0.632,0.954,0.1049,0.6564,0.793,0.996,0.8945,63.2,0.0,36.8,0.0,2.56,95.4,1.25,2.71,0.03,0.0,0.39,0.0,0.0,0.0,0.0,0.35,11.0,0.0
HGR Katwa,2023-06-01,0.7864,0.9081,0.1588,0.9527,0.8472,0.9891,0.9181,78.64,0.52,20.83,0.02,1.67,90.81,7.45,0.96,0.01,0.02,0.38,0.0,0.0,0.0,0.0,0.6,10.0,1.0
HGR Katwa,2023-07-01,0.9038,0.8287,0.1422,0.5519,0.8662,0.9926,0.9294,90.38,1.69,7.93,0.0,0.89,82.87,14.72,1.25,0.48,0.17,0.27,0.0,0.0,0.0,0.0,0.45,10.0,1.0
HGR Katwa,2023-08-01,0.6563,0.9411,0.0568,0.5525,0.7987,0.9974,0.898,65.63,0.34,34.02,0.0,0.61,94.11,5.12,0.25,0.17,0.03,0.25,0.0,0.0,0.0,0.0,0.19,6.0,0.0
HGR Katwa,2023-09-01,0.6924,0.9688,0.0608,0.5833,0.8306,0.9976,0.9141,69.24,0.06,30.7,0.0,0.54,96.88,2.73,0.13,0.09,0.01,0.19,0.0,0.0,0.0,0.0,0.5,11.0,2.0
HGR Katwa,2023-10-01,0.8093,0.9841,0.0964,0.8893,0.8967,0.9975,0.9471,80.93,0.3,18.76,0.0,0.46,98.41,1.04,0.04,0.02,0.0,0.22,0.0,0.0,0.0,0.0,0.52,11.0,1.0
HGR Katwa,2023-11-01,0.8299,0.994,0.0379,0.4783,0.912,0.9986,0.9553,82.99,0.05,16.97,0.0,0.19,99.4,0.31,0.01,0.03,0.0,0.17,0.0,0.0,0.0,0.0,0.07,1.0,0.0
HGR Katwa,2023-12-01,0.8244,0.9976,0.0518,0.4444,0.911,0.9997,0.9554,82.44,0.0,17.56,0.0,0.25,99.76,0.0,0.01,0.0,0.0,0.3,0.0,0.0,0.0,0.0,0.16,5.0,0.0
HGR Katwa,2024-01-01,0.8309,0.9966,0.0454,0.125,0.9138,0.9992,0.9565,83.09,0.02,16.89,0.0,0.2,99.66,0.07,0.0,0.03,0.0,0.19,0.0,0.0,0.0,0.0,0.26,7.0,0.0
HGR Katwa,2024-02-01,0.7495,0.9804,0.0706,1.0691,0.865,0.9966,0.9308,74.95,0.0,25.05,0.0,1.84,98.04,0.22,1.32,0.19,0.01,0.3,0.0,0.0,0.0,0.0,0.17,4.0,0.0
HGR Katwa,2024-03-01,0.7016,0.9979,0.0404,0.7394,0.8498,0.9994,0.9246,70.16,0.04,29.8,0.0,0.42,99.79,0.01,0.0,0.01,0.0,0.17,0.0,0.0,0.0,0.0,0.13,3.0,0.0
HGR Katwa,2024-04-01,0.6734,0.8985,0.0993,0.7607,0.7859,0.9987,0.8923,67.34,0.23,32.43,0.0,5.54,89.85,4.59,5.12,0.06,0.88,0.33,0.0,0.0,0.0,0.0,0.27,6.0,0.0
HGR Katwa,2024-05-01,0.874,0.8849,0.0994,1.0548,0.8794,0.9946,0.937,87.4,0.02,12.58,0.0,0.43,88.49,10.83,0.0,0.08,0.0,0.45,0.0,0.0,0.0,0.0,0.23,7.0,0.0
HGR Katwa,2024-06-01,0.8584,0.9697,0.0288,0.9659,0.914,0.9976,0.9558,85.84,0.01,14.15,0.0,0.13,96.97,2.8,0.0,0.03,0.0,0.19,0.0,0.0,0.0,0.0,0.2,6.0,0.0
HGR Katwa,2024-07-01,0.7864,0.9042,0.1075,0.926,0.8453,0.9957,0.9205,78.64,0.15,21.21,0.0,0.52,90.42,9.03,0.01,0.02,0.0,0.2,0.0,0.0,0.0,0.0,0.55,10.0,2.0
HGR Katwa,2024-08-01,0.6824,0.9045,0.1321,0.7989,0.7934,0.9965,0.895,68.24,0.0,31.76,0.0,0.92,90.45,8.76,0.15,0.01,0.0,0.26,0.0,0.0,0.0,0.0,0.48,11.0,1.0
HGR Katwa,2024-09-01,0.7561,0.9212,0.1177,0.68,0.8386,0.997,0.9178,75.61,0.0,24.39,0.0,0.57,92.12,7.25,0.01,0.0,0.0,0.2,0.0,0.0,0.0,0.0,0.53,11.0,0.0
HGR Katwa,2024-10-01,0.7731,0.9554,0.0472,1.5833,0.8642,0.9978,0.931,77.31,0.0,22.69,0.0,0.27,95.54,4.17,0.0,0.0,0.0,0.29,0.0,0.0,0.0,0.0,0.27,4.0,0.0
HGR Kirotshe,2022-06-01,0.7623,0.8163,1.0856,0.9079,0.7893,0.9973,0.8933,76.75,0.19,23.06,0.01,18.24,80.75,5.09,0.03,4.86,0.0,0.46,2.0,2.0,0.0,0.0,4.36,22.0,13.0
HGR Kirotshe,2022-07-01,0.787,0.8395,1.4465,0.7505,0.8132,0.9479,0.8805,78.95,0.08,20.97,0.01,13.14,82.93,7.29,0.0,7.27,0.0,0.37,1.0,1.0,0.0,0.0,4.45,25.0,18.0
HGR Kirotshe,2022-08-01,0.608,0.7515,1.8269,0.9586,0.6798,0.9261,0.8029,62.36,0.02,37.62,0.01,25.98,73.81,4.22,0.33,4.21,0.0,0.52,5.0,4.0,0.0,0.0,7.48,31.0,27.0
HGR Kirotshe,2022-09-01,0.724,0.7549,1.1863,0.8658,0.7394,0.939,0.8392,73.14,0.04,26.82,0.0,19.41,74.95,4.12,3.27,4.12,0.0,0.78,6.0,6.0,1.0,1.0,4.57,28.0,18.0
HGR Kirotshe,2022-10-01,0.7574,0.7594,0.0,0.407,0.7584,1.0,0.8792,75.74,0.0,24.26,0.0,21.04,75.94,2.85,0.22,2.85,0.0,2.82,15.0,11.0,10.0,10.0,4.04,28.0,13.0
HGR Kirotshe,2022-11-01,0.6721,0.69,0.0,0.4706,0.681,1.0,0.8405,67.21,0.0,32.79,0.0,25.94,69.0,4.57,0.64,4.55,0.0,3.15,21.0,20.0,12.0,11.0,4.38,29.0,16.0
HGR Kirotshe,2023-03-01,0.9673,1.0,0.0,,0.9836,,0.9836,96.73,0.0,3.27,0.0,0.0,100.0,0.0,0.0,0.0,0.0,23.75,30.0,30.0,30.0,30.0,30.0,30.0,0.0
HGR Kirotshe,2023-04-01,0.9697,0.9892,0.0,0.9076,0.9794,1.0,0.9897,96.97,0.0,3.03,0.0,0.83,98.92,0.06,0.16,0.05,0.0,0.43,0.0,0.0,0.0,0.0,0.17,3.0,1.0
HGR Kirotshe,2023-05-01,0.9333,0.9524,0.0,0.6463,0.9428,1.0,0.9714,93.33,0.0,6.67,0.0,4.42,95.24,0.14,0.21,0.14,0.0,1.9,2.0,2.0,1.0,1.0,0.39,5.0,2.0
HGR Kirotshe,2023-06-01,0.9015,0.9223,0.0,0.6858,0.9119,1.0,0.956,90.15,0.0,9.85,0.0,8.22,92.23,0.55,0.13,0.55,0.0,2.03,4.0,4.0,1.0,1.0,0.6,8.0,3.0
HGR Kirotshe,2023-07-01,0.9663,0.9728,0.0,0.6126,0.9696,1.0,0.9848,96.63,0.0,3.37,0.0,2.64,97.28,0.17,0.05,0.17,0.0,1.45,2.0,2.0,0.0,0.0,0.32,6.0,0.0
HGR Kirotshe,2023-08-01,0.9298,0.9534,0.0,0.119,0.9416,1.0,0.9708,92.98,0.0,7.02,0.0,3.53,95.34,1.24,0.0,1.23,0.0,0.64,1.0,1.0,0.0,0.0,0.55,10.0,1.0
HGR Kirotshe,2023-09-01,0.8113,0.8509,0.0,0.74,0.8311,1.0,0.9156,81.13,0.0,18.87,0.0,12.83,85.09,2.43,0.01,2.42,0.0,2.2,6.0,6.0,3.0,3.0,1.07,12.0,5.0
HGR Kirotshe,2023-10-01,0.9229,0.9969,0.0,0.4617,0.9599,1.0,0.98,92.29,0.0,7.71,0.0,0.09,99.69,0.17,0.0,0.17,0.0,3.83,1.0,1.0,0.0,0.0,0.03,1.0,0.0
HGR Kirotshe,2023-11-01,0.8825,0.9961,0.0,1.1,0.9393,1.0,0.9696,88.25,0.0,11.75,0.0,0.17,99.61,0.29,0.0,0.29,0.0,,,,,,,,
HGR Kirotshe,2023-12-01,0.8886,0.978,0.0,0.2975,0.9333,1.0,0.9666,88.86,0.0,11.14,0.0,1.86,97.8,0.26,0.0,0.26,0.0,4.1,2.0,2.0,1.0,1.0,0.16,4.0,0.0
HGR Kirotshe,2024-01-01,0.7276,0.9913,0.0,0.2609,0.8594,1.0,0.9297,72.76,0.0,27.24,0.0,0.69,99.13,0.26,0.0,0.26,0.0,,,,,,,,
HGR Kirotshe,2024-02-01,0.974,0.9902,0.0,0.55,0.9821,1.0,0.991,97.4,0.0,2.6,0.0,0.48,99.02,0.35,0.0,0.35,0.0,,,,,,,,
HGR Kirotshe,2024-03-01,0.9988,0.992,0.0,0.3818,0.9954,1.0,0.9977,99.88,0.0,0.12,0.0,0.0,99.2,0.56,0.0,0.56,0.0,,,,,,,,
HGR Kirotshe,2024-04-01,0.9998,0.9927,0.0,0.4118,0.9962,1.0,0.9981,99.98,0.0,0.02,0.0,0.0,99.27,0.52,0.0,0.52,0.0,,,,,,,,
HGR Kirotshe,2024-05-01,0.9999,0.9927,0.0,2.1111,0.9963,1.0,0.9982,99.99,0.0,0.01,0.0,0.0,99.27,0.53,0.0,0.53,0.0,,,,,,,,
HGR Kirotshe,2024-07-01,1.0,1.0,0.0,1.4014,1.0,1.0,1.0,100.0,0.0,0.0,0.0,0.0,100.0,0.0,0.0,0.0,0.0,,,,,,,,
HGR Kirotshe,2024-08-01,1.0,1.0,0.0,0.2965,1.0,1.0,1.0,100.0,0.0,0.0,0.0,0.0,100.0,0.0,0.0,0.0,0.0,,,,,,,,
HGR Kitatumba,2022-06-01,0.4579,0.7141,0.1555,0.2222,0.586,0.9978,0.7919,46.91,0.0,53.09,0.0,5.79,70.69,0.05,28.58,0.05,0.94,0.26,0.0,0.0,0.0,0.0,0.64,7.0,0.0
HGR Kitatumba,2022-07-01,0.4632,0.8355,0.1569,0.6483,0.6494,0.9953,0.8223,46.99,0.0,53.01,0.0,10.38,83.07,0.18,15.68,0.18,0.76,0.25,0.0,0.0,0.0,0.0,0.55,12.0,1.0
HGR Kitatumba,2022-08-01,0.359,0.9158,0.1487,0.4288,0.6374,0.997,0.8172,36.18,0.0,63.82,0.0,23.66,90.27,0.04,8.92,0.04,0.92,0.31,0.0,0.0,0.0,0.0,0.42,12.0,0.0
HGR Kitatumba,2022-09-01,0.2781,0.8983,0.1589,0.7439,0.5882,0.9958,0.792,28.72,0.0,71.28,0.0,33.32,88.46,0.04,6.63,0.04,0.04,0.29,0.0,0.0,0.0,0.0,0.47,11.0,1.0
HGR Kitatumba,2022-10-01,0.3517,0.8951,0.1401,0.2692,0.6234,0.9992,0.8113,36.02,0.0,63.98,0.0,21.36,86.92,0.32,8.85,0.25,0.9,0.29,0.0,0.0,0.0,0.0,0.39,8.0,1.0
HGR Kitatumba,2022-11-01,0.3803,0.8441,0.1214,0.7836,0.6122,0.991,0.8016,40.95,0.01,59.04,0.0,19.58,76.66,0.07,11.04,0.07,0.18,0.2,0.0,0.0,0.0,0.0,0.6,12.0,2.0
HGR Kitatumba,2022-12-01,0.3339,0.879,0.1013,0.4445,0.6064,0.999,0.8027,38.92,0.0,61.08,0.0,20.02,79.61,0.07,7.94,0.05,0.95,0.21,0.0,0.0,0.0,0.0,0.68,14.0,2.0
HGR Kitatumba,2023-01-01,0.3589,0.7873,0.2848,0.7407,0.5731,0.9843,0.7787,35.67,0.0,64.33,0.0,14.73,78.95,1.02,18.54,0.95,1.36,0.28,0.0,0.0,0.0,0.0,0.87,18.0,1.0
HGR Kitatumba,2023-02-01,0.3847,0.6559,0.2516,0.8244,0.5203,0.9853,0.7528,39.59,0.0,60.41,0.0,11.66,65.22,1.85,30.66,1.84,0.13,0.24,0.0,0.0,0.0,0.0,0.89,19.0,0.0
HGR Kitatumba,2023-03-01,0.3304,0.8471,0.0846,0.4842,0.5888,0.9972,0.793,33.52,0.0,66.48,0.0,19.95,84.21,1.01,9.82,0.95,1.67,0.47,1.0,1.0,0.0,0.0,1.39,14.0,2.0
HGR Kitatumba,2023-04-01,0.364,0.7528,0.0995,1.001,0.5584,0.995,0.7767,41.4,0.1,58.51,0.01,20.57,70.65,0.21,16.37,0.21,1.19,0.31,0.0,0.0,0.0,0.0,2.97,16.0,8.0
HGR Kitatumba,2023-05-01,0.4607,0.9204,0.0863,0.8795,0.6906,0.998,0.8443,46.07,0.0,53.93,0.0,5.66,92.04,0.03,7.26,0.03,0.91,0.42,0.0,0.0,0.0,0.0,0.35,10.0,0.0
HGR Kitatumba,2023-06-01,0.4479,0.7977,0.0721,0.1429,0.6228,0.9989,0.8108,44.79,0.0,55.21,0.0,12.6,79.77,0.08,11.12,0.07,1.43,7.08,18.0,15.0,15.0,15.0,3.0,25.0,2.0
HGR Kitatumba,2023-07-01,0.5424,0.6356,0.0262,0.3,0.589,0.9991,0.7941,54.24,0.2,45.56,0.13,8.28,63.56,0.09,34.95,0.04,6.57,0.28,0.0,0.0,0.0,0.0,0.61,16.0,1.0
HGR Kitatumba,2023-08-01,0.4126,0.9067,0.0853,0.7314,0.6596,0.9988,0.8292,41.26,0.8,57.94,0.17,15.49,90.67,0.24,7.74,0.23,2.37,0.23,0.0,0.0,0.0,0.0,0.26,6.0,0.0
HGR Kitatumba,2023-09-01,0.5265,0.9445,0.1049,0.5906,0.7355,0.9976,0.8666,52.65,1.09,46.26,0.71,3.31,94.45,0.13,4.55,0.13,3.66,0.41,0.0,0.0,0.0,0.0,0.43,10.0,0.0
HGR Kitatumba,2023-10-01,0.4709,0.9343,0.0704,0.8847,0.7026,0.9983,0.8504,47.09,0.04,52.88,0.0,4.91,93.43,0.18,5.74,0.12,2.15,0.3,0.0,0.0,0.0,0.0,0.32,9.0,0.0
HGR Kitatumba,2023-11-01,0.3513,0.9336,0.0465,1.3794,0.6424,0.9939,0.8181,35.13,0.0,64.87,0.0,9.65,93.36,0.42,5.63,0.4,0.75,0.21,0.0,0.0,0.0,0.0,0.23,7.0,0.0
HGR Kitatumba,2023-12-01,0.4008,0.9415,0.0485,0.3043,0.6712,0.999,0.8351,40.08,0.06,59.85,0.04,5.12,94.15,0.17,5.25,0.16,0.43,0.22,0.0,0.0,0.0,0.0,0.32,9.0,0.0
HGR Kitatumba,2024-01-01,0.4159,0.9629,0.1344,1.1046,0.6894,0.989,0.8392,41.59,0.0,58.41,0.0,5.33,96.29,0.11,2.84,0.11,0.1,0.42,0.0,0.0,0.0,0.0,0.35,11.0,0.0
HGR Kitatumba,2024-02-01,0.3402,0.8225,0.1793,1.75,0.5814,0.9685,0.775,35.0,0.0,65.0,0.0,18.34,79.91,0.13,6.65,0.13,1.52,4.03,10.0,10.0,8.0,8.0,2.89,20.0,5.0
HGR Kyondo,2022-06-01,0.9674,0.7076,0.1007,0.8,0.8375,0.995,0.9162,96.74,0.0,3.26,0.0,2.35,70.76,23.79,5.01,0.0,4.67,,,,,,,,
HGR Kyondo,2022-07-01,0.9822,0.9612,0.272,0.8852,0.9717,0.9888,0.9803,98.22,0.0,1.78,0.0,1.64,96.12,1.83,0.58,0.0,0.46,,,,,,,,
HGR Kyondo,2022-08-01,0.9799,0.963,0.1837,1.0169,0.9714,0.991,0.9812,97.99,0.0,2.01,0.0,1.33,96.3,0.25,2.53,0.02,1.99,,,,,,,,
HGR Kyondo,2022-09-01,0.966,0.9206,0.2349,1.516,0.9433,0.9764,0.9599,96.6,0.03,3.37,0.0,1.77,92.06,0.66,6.03,0.02,4.39,2.0,0.0,0.0,0.0,0.0,0.03,1.0,0.0
HGR Kyondo,2022-10-01,0.9851,0.9664,0.2124,0.8613,0.9758,0.9907,0.9833,98.51,0.01,1.48,0.0,1.16,96.64,0.49,1.94,0.0,1.09,,,,,,,,
HGR Kyondo,2022-11-01,0.9846,0.9714,0.1547,1.4,0.978,0.9849,0.9815,98.46,0.22,1.32,0.0,0.89,97.14,0.37,1.78,0.0,1.35,10.25,1.0,1.0,1.0,1.0,0.07,2.0,0.0
HGR Kyondo,2022-12-01,0.9912,0.9752,0.1064,0.5085,0.9832,0.9982,0.9907,99.12,0.0,0.88,0.0,0.49,97.52,0.26,1.75,0.0,1.11,,,,,,,,
HGR Kyondo,2023-01-01,0.9935,0.9885,0.0687,1.037,0.991,0.9966,0.9938,99.35,0.0,0.65,0.0,0.52,98.85,0.09,0.56,0.03,0.3,0.5,0.0,0.0,0.0,0.0,0.03,1.0,0.0
HGR Kyondo,2023-02-01,0.9906,0.9795,0.1037,1.1828,0.985,0.9987,0.9918,99.06,0.0,0.94,0.0,0.82,97.95,0.11,1.14,0.0,0.52,,,,,,,,
HGR Kyondo,2023-03-01,0.9543,0.9069,0.481,0.5676,0.9306,0.9879,0.9592,95.43,0.15,4.42,0.0,3.14,90.69,0.22,6.56,0.02,3.69,,,,,,,,
HGR Kyondo,2023-04-01,0.9731,0.9319,0.2657,1.0,0.9525,0.9895,0.971,97.31,0.06,2.63,0.0,1.64,93.19,0.3,5.2,0.0,3.87,,,,,,,,
HGR Kyondo,2023-05-01,0.9699,0.8864,0.3177,1.7982,0.9282,0.9519,0.94,96.99,0.02,2.99,0.0,2.0,88.64,2.59,7.25,1.35,3.7,,,,,,,,
HGR Kyondo,2023-06-01,0.9849,0.8814,0.2497,2.0339,0.9332,0.9548,0.944,98.49,0.04,1.47,0.0,1.36,88.14,4.49,6.13,0.01,0.36,,,,,,,,
HGR Kyondo,2023-07-01,0.9922,0.9638,0.0775,0.5603,0.978,0.999,0.9885,99.22,0.05,0.72,0.0,0.7,96.38,1.15,1.78,0.02,0.06,,,,,,,,
HGR Kyondo,2023-08-01,0.9887,0.9505,0.1068,0.8976,0.9696,0.9948,0.9822,98.87,0.06,1.07,0.0,1.05,95.05,2.29,1.64,0.01,0.04,,,,,,,,
HGR Kyondo,2023-09-01,0.9773,0.948,0.3732,2.0478,0.9626,0.9498,0.9562,97.73,0.24,2.02,0.0,1.94,94.8,1.61,1.79,0.01,0.38,,,,,,,,
HGR Kyondo,2023-10-01,0.9869,0.9739,0.2075,0.9048,0.9804,0.9897,0.985,98.69,0.1,1.21,0.0,1.09,97.39,0.93,0.62,0.0,0.29,,,,,,,,
HGR Kyondo,2023-11-01,0.9849,0.9378,0.307,1.2742,0.9614,0.9679,0.9647,98.49,0.05,1.46,0.0,1.37,93.78,3.74,1.11,0.01,0.35,,,,,,,,
HGR Kyondo,2023-12-01,0.9958,0.9597,0.0944,0.5769,0.9778,0.9985,0.9881,99.58,0.01,0.4,0.0,0.4,95.97,3.15,0.48,0.01,0.01,,,,,,,,
HGR Kyondo,2024-01-01,0.991,0.9138,0.1731,0.7619,0.9524,0.9918,0.9721,99.1,0.03,0.87,0.0,0.82,91.38,6.84,1.0,0.01,0.13,,,,,,,,
HGR Kyondo,2024-02-01,0.9884,0.9014,0.2046,1.4737,0.9449,0.981,0.963,98.84,0.0,1.16,0.0,1.07,90.14,6.75,2.09,0.02,0.25,,,,,,,,
HGR Kyondo,2024-03-01,0.9844,0.8819,0.2543,0.8696,0.9332,0.9858,0.9595,98.44,0.0,1.55,0.0,1.45,88.19,8.43,1.99,0.04,0.21,,,,,,,,
HGR Kyondo,2024-04-01,0.9924,0.9265,0.1719,1.062,0.9594,0.9932,0.9763,99.29,0.02,0.69,0.0,0.64,92.35,5.05,0.54,0.81,0.1,,,,,,,,
HGR Kyondo,2024-05-01,0.9716,0.9263,0.1579,1.0755,0.949,0.9932,0.9711,97.2,0.19,2.6,0.0,2.55,92.64,3.21,1.28,0.31,0.22,0.92,1.0,1.0,0.0,0.0,0.13,3.0,0.0
HGR Kyondo,2024-06-01,0.9907,0.9079,0.0243,0.5642,0.9493,0.9992,0.9742,99.14,0.0,0.86,0.0,0.81,90.33,4.66,2.47,0.97,0.06,0.5,0.0,0.0,0.0,0.0,0.03,1.0,0.0
HGR Kyondo,2024-07-01,0.9963,0.8871,0.0473,0.8265,0.9417,0.9995,0.9706,99.66,0.0,0.34,0.0,0.29,88.8,4.11,4.94,1.74,0.19,,,,,,,,
HGR Kyondo,2024-08-01,0.9159,0.8438,0.0778,0.6191,0.8798,0.9967,0.9383,92.31,0.02,7.67,0.0,7.59,82.2,3.05,6.71,0.5,0.25,,,,,,,,
HGR Kyondo,2024-09-01,0.9756,0.8819,0.0422,0.3942,0.9288,0.999,0.9639,97.58,0.03,2.38,0.0,2.32,88.23,3.59,5.42,0.24,0.24,2.17,1.0,1.0,0.0,0.0,0.03,1.0,0.0
HGR Kyondo,2024-10-01,0.9952,0.8795,0.055,0.7447,0.9373,0.9945,0.9659,99.52,0.03,0.44,0.0,0.31,87.95,4.5,6.03,0.62,0.36,,,,,,,,
HGR Lubero,2022-06-01,0.9996,0.9749,0.0099,0.2,0.9872,1.0,0.9936,99.96,0.0,0.04,0.0,0.04,97.49,2.47,0.0,0.0,0.0,,,,,,,,
HGR Lubero,2022-07-01,0.9497,0.9493,0.1787,0.3219,0.9495,0.9991,0.9743,94.97,0.0,5.03,0.0,5.03,94.93,0.04,0.0,0.0,0.0,,,,,,,,
HGR Lubero,2022-08-01,0.9239,0.8778,0.2638,0.9337,0.9008,0.991,0.9459,92.39,0.0,7.61,0.0,7.55,87.78,4.66,0.01,0.0,0.0,,,,,,,,
HGR Lubero,2022-09-01,0.9566,0.9527,0.1129,0.5187,0.9546,0.9928,0.9737,95.66,0.0,4.34,0.0,4.33,95.27,0.4,0.0,0.0,0.0,,,,,,,,
HGR Lubero,2022-10-01,0.9788,0.9328,0.1446,0.3913,0.9558,0.9952,0.9755,97.88,0.0,2.12,0.0,2.09,93.28,4.62,0.0,0.0,0.0,,,,,,,,
HGR Lubero,2022-11-01,0.9224,0.9027,0.0689,0.4953,0.9126,0.9972,0.9549,92.24,0.0,7.76,0.0,7.76,90.27,1.97,0.0,0.0,0.0,,,,,,,,
HGR Lubero,2022-12-01,0.9408,0.9184,0.2613,0.5005,0.9296,1.0,0.9648,94.08,0.0,5.92,0.0,5.92,91.84,2.23,0.0,0.0,0.0,,,,,,,,
HGR Lubero,2023-01-01,0.9859,0.9712,0.1227,0.75,0.9786,0.9723,0.9754,98.59,0.0,1.41,0.0,1.4,97.12,1.47,0.0,0.0,0.0,,,,,,,,
HGR Lubero,2023-02-01,0.7438,0.7358,0.0386,0.3462,0.7398,0.999,0.8694,74.38,0.0,25.62,0.0,25.62,73.58,0.81,0.01,0.0,0.0,,,,,,,,
HGR Lubero,2023-03-01,0.9355,0.8643,0.0898,0.6551,0.8999,0.9954,0.9477,93.55,0.0,6.45,0.0,6.42,86.43,7.11,0.01,0.01,0.0,,,,,,,,
HGR Lubero,2023-04-01,0.9898,0.9495,0.0755,0.6408,0.9696,0.996,0.9828,98.98,0.0,1.02,0.0,1.0,94.95,4.05,0.0,0.0,0.0,,,,,,,,
HGR Lubero,2023-05-01,0.9259,0.925,0.0095,0.8333,0.9254,1.0,0.9627,92.59,0.0,7.41,0.0,7.35,92.5,0.15,0.0,0.0,0.0,,,,,,,,
HGR Lubero,2023-06-01,0.9909,0.9819,0.0391,0.2609,0.9864,0.9977,0.992,99.09,0.0,0.91,0.0,0.89,98.19,0.91,0.0,0.0,0.0,,,,,,,,
HGR Lubero,2023-07-01,0.979,0.9537,0.4757,0.4231,0.9664,0.9761,0.9712,97.9,0.0,2.1,0.0,2.1,95.37,2.52,0.0,0.0,0.0,,,,,,,,
HGR Lubero,2023-08-01,0.9887,0.9887,0.0,1.1803,0.9887,1.0,0.9944,98.87,0.0,1.13,0.0,1.13,98.87,0.0,0.0,0.0,0.0,,,,,,,,
HGR Lubero,2023-09-01,0.981,0.8564,0.1365,1.3613,0.9187,0.9944,0.9565,98.1,0.0,1.9,0.0,1.21,85.64,13.13,0.0,0.01,0.0,,,,,,,,
HGR Lubero,2023-10-01,0.7184,0.7118,0.0086,0.3681,0.7151,1.0,0.8576,71.84,0.0,28.16,0.0,27.77,71.18,0.98,0.0,0.09,0.0,,,,,,,,
HGR Lubero,2023-11-01,0.8294,0.8155,0.0014,0.2503,0.8224,1.0,0.9112,82.94,0.0,17.06,0.0,17.06,81.55,0.93,0.0,0.71,0.0,,,,,,,,
HGR Lubero,2023-12-01,0.977,0.9714,0.0,0.4097,0.9742,1.0,0.9871,97.7,0.0,2.3,0.0,2.07,97.14,0.77,0.0,0.04,0.0,,,,,,,,
HGR Lubero,2024-01-01,0.9526,0.9395,0.0,0.1111,0.946,1.0,0.973,95.26,0.0,4.74,0.0,4.73,93.95,1.32,0.0,0.01,0.0,,,,,,,,
HGR Lubero,2024-02-01,0.9847,0.9811,0.0,0.2,0.9829,1.0,0.9914,98.47,0.0,1.53,0.0,1.53,98.11,0.34,0.0,0.01,0.0,,,,,,,,
HGR Lubero,2024-03-01,0.9432,0.8649,0.0,0.3416,0.904,1.0,0.952,94.32,0.0,5.68,0.0,5.54,86.49,5.08,0.0,5.03,0.0,,,,,,,,
HGR Lubero,2024-04-01,0.9392,0.9139,0.0,0.6161,0.9266,1.0,0.9633,93.92,0.0,6.08,0.0,6.08,91.39,1.88,0.0,1.88,0.0,,,,,,,,
HGR Lubero,2024-05-01,0.9817,0.9767,0.0,0.1296,0.9792,1.0,0.9896,98.17,0.0,1.83,0.0,1.72,97.67,0.61,0.0,0.61,0.0,,,,,,,,
HGR Lubero,2024-06-01,0.9919,0.9903,0.0,0.7246,0.9911,1.0,0.9956,99.19,0.0,0.81,0.0,0.8,99.03,0.09,0.0,0.09,0.0,,,,,,,,
HGR Lubero,2024-07-01,0.9469,0.9502,0.0087,0.3929,0.9486,1.0,0.9743,94.69,0.0,5.31,0.0,4.03,95.02,0.87,0.03,0.13,0.0,,,,,,,,
HGR Lubero,2024-08-01,0.9913,0.9912,0.0925,0.881,0.9912,0.999,0.9951,99.13,0.0,0.87,0.0,0.69,99.12,0.13,0.01,0.06,0.0,,,,,,,,
HGR Lubero,2024-09-01,1.0,0.9986,0.0,0.4023,0.9993,1.0,0.9996,100.0,0.0,0.0,0.0,0.0,99.86,0.05,0.0,0.05,0.0,,,,,,,,
HGR Lubero,2024-10-01,0.9619,0.9981,0.0,0.4167,0.98,1.0,0.99,96.19,0.0,3.81,0.0,0.03,99.81,0.06,0.03,0.06,0.0,,,,,,,,
HGR Masisi,2022-06-01,0.9997,0.9995,0.0046,0.6667,0.9996,0.9998,0.9997,99.97,0.0,0.03,0.0,0.03,99.95,0.02,0.0,0.0,0.0,,,,,,,,
HGR Masisi,2022-07-01,0.9997,0.9992,0.0021,0.4877,0.9994,1.0,0.9997,99.97,0.0,0.03,0.0,0.02,99.92,0.04,0.0,0.0,0.0,0.33,0.0,0.0,0.0,0.0,0.03,1.0,0.0
HGR Masisi,2022-08-01,0.9999,0.9984,0.0004,0.5301,0.9992,1.0,0.9996,99.99,0.0,0.01,0.0,0.01,99.84,0.15,0.0,0.01,0.0,0.17,0.0,0.0,0.0,0.0,0.03,1.0,0.0
HGR Masisi,2022-09-01,1.0,0.9993,0.0,0.3047,0.9996,1.0,0.9998,100.0,0.0,0.0,0.0,0.0,99.93,0.06,0.0,0.01,0.0,,,,,,,,
HGR Masisi,2022-10-01,0.9997,0.9998,0.0,1.0916,0.9998,1.0,0.9999,99.97,0.03,0.0,0.0,0.0,99.98,0.02,0.0,0.0,0.0,,,,,,,,
HGR Masisi,2022-11-01,1.0,0.9988,0.0,0.3872,0.9994,1.0,0.9997,100.0,0.0,0.0,0.0,0.0,99.88,0.11,0.0,0.0,0.0,,,,,,,,
HGR Masisi,2022-12-01,1.0,0.9973,0.0,0.7183,0.9986,1.0,0.9993,100.0,0.0,0.0,0.0,0.0,99.73,0.27,0.0,0.0,0.0,,,,,,,,
HGR Masisi,2023-01-01,0.9985,0.9954,0.0,0.9048,0.997,1.0,0.9985,99.85,0.0,0.15,0.0,0.15,99.54,0.31,0.0,0.0,0.0,0.83,0.0,0.0,0.0,0.0,0.03,1.0,0.0
HGR Masisi,2023-02-01,1.0,0.9936,0.0008,0.52,0.9968,1.0,0.9984,100.0,0.0,0.0,0.0,0.0,99.36,0.63,0.0,0.0,0.0,,,,,,,,
HGR Masisi,2023-03-01,1.0,0.9981,0.0,0.32,0.999,1.0,0.9995,100.0,0.0,0.0,0.0,0.0,99.81,0.18,0.0,0.0,0.0,0.67,0.0,0.0,0.0,0.0,0.03,1.0,0.0
HGR Masisi,2023-04-01,0.9987,0.9976,0.0004,0.4348,0.9982,1.0,0.9991,99.87,0.0,0.13,0.0,0.13,99.76,0.11,0.0,0.0,0.0,0.17,0.0,0.0,0.0,0.0,0.07,1.0,0.0
HGR Masisi,2023-05-01,0.867,0.867,0.0,0.6139,0.867,1.0,0.9335,86.7,0.0,13.3,0.0,13.3,86.7,0.0,0.0,0.0,0.0,23.17,27.0,27.0,27.0,27.0,4.67,27.0,0.0
HGR Masisi,2023-06-01,0.8286,0.8286,0.0,0.5185,0.8286,1.0,0.9143,82.86,0.0,17.14,0.0,17.14,82.86,0.0,0.0,0.0,0.0,19.64,29.0,26.0,24.0,24.0,4.29,26.0,1.0
HGR Masisi,2023-07-01,1.0,0.9831,0.0,0.3008,0.9916,1.0,0.9958,100.0,0.0,0.0,0.0,0.0,98.31,1.69,0.0,0.0,0.0,23.49,18.0,18.0,18.0,18.0,1.38,18.0,0.0
HGR Masisi,2023-08-01,0.9931,0.9929,0.0016,0.693,0.993,1.0,0.9965,99.31,0.0,0.69,0.0,0.69,99.29,0.03,0.0,0.0,0.0,0.33,0.0,0.0,0.0,0.0,0.03,1.0,0.0
HGR Masisi,2023-09-01,0.9999,0.9975,0.0,0.4029,0.9987,1.0,0.9994,99.99,0.0,0.01,0.0,0.01,99.75,0.23,0.0,0.0,0.0,,,,,,,,
HGR Masisi,2023-10-01,0.9989,0.9968,0.0001,0.6374,0.9978,1.0,0.9989,99.89,0.0,0.11,0.0,0.1,99.68,0.21,0.01,0.0,0.0,0.67,0.0,0.0,0.0,0.0,0.03,1.0,0.0
HGR Masisi,2023-11-01,0.9921,0.9911,0.0,0.4647,0.9916,1.0,0.9958,99.21,0.0,0.79,0.0,0.78,99.11,0.12,0.0,0.01,0.0,,,,,,,,
HGR Masisi,2023-12-01,0.9964,0.9924,0.0081,0.2917,0.9944,1.0,0.9972,99.64,0.0,0.36,0.0,0.36,99.24,0.4,0.0,0.0,0.0,0.72,0.0,0.0,0.0,0.0,0.1,2.0,0.0
HGR Masisi,2024-01-01,1.0,0.9935,0.0,0.0,0.9968,1.0,0.9984,100.0,0.0,0.0,0.0,0.0,99.35,0.65,0.0,0.0,0.0,,,,,,,,
HGR Oicha,2022-06-01,0.1752,0.1586,8.4775,0.5956,0.1669,0.74,0.4535,17.73,0.0,82.27,0.0,76.45,14.37,0.1,9.04,0.1,0.0,1.11,33.0,13.0,1.0,1.0,12.53,15.0,15.0
HGR Oicha,2022-07-01,0.1997,0.1758,8.8711,0.6462,0.1878,0.7518,0.4698,20.89,1.64,77.48,0.08,72.61,16.83,0.33,10.9,0.32,0.03,0.9,39.0,26.0,0.0,0.0,13.0,31.0,31.0
HGR Oicha,2022-08-01,0.2153,0.1632,13.0743,0.983,0.1892,0.5472,0.3682,21.23,2.11,76.66,0.05,73.01,14.86,0.3,11.66,0.3,0.02,1.0,61.0,29.0,0.0,0.0,13.19,31.0,31.0
HGR Oicha,2022-09-01,0.2418,0.1847,10.6612,1.1554,0.2132,0.6524,0.4328,24.37,2.59,73.04,0.03,71.14,17.86,0.21,10.51,0.21,0.03,1.18,64.0,27.0,0.0,0.0,11.37,30.0,30.0
HGR Oicha,2022-10-01,0.233,0.1734,11.1695,0.667,0.2032,0.7523,0.4777,23.37,1.61,75.03,0.04,72.28,17.29,0.28,9.92,0.28,0.0,1.75,90.0,30.0,1.0,1.0,8.35,31.0,31.0
HGR Oicha,2022-11-01,0.26,0.188,2.42,0.4737,0.224,0.9474,0.5857,26.0,3.29,70.71,0.01,68.45,18.8,1.07,11.41,1.07,0.0,2.13,92.0,30.0,2.0,2.0,6.8,30.0,29.0
HGR Oicha,2022-12-01,0.2813,0.2031,0.0,0.6459,0.2422,1.0,0.6211,28.13,6.03,65.84,0.18,62.04,20.31,1.61,11.01,1.61,0.0,1.69,77.0,31.0,5.0,5.0,8.83,31.0,28.0
HGR Oicha,2023-01-01,0.251,0.1963,5.8078,0.8027,0.2236,0.8319,0.5278,25.04,3.14,71.82,1.12,67.53,19.25,1.31,9.7,0.78,0.0,1.32,69.0,28.0,0.0,0.0,9.48,31.0,30.0
HGR Oicha,2023-02-01,0.1977,0.1479,10.023,0.6339,0.1728,0.7793,0.476,20.38,3.63,75.99,2.36,69.72,14.6,1.82,12.11,0.27,0.0,1.39,61.0,27.0,2.0,2.0,9.39,28.0,28.0
HGR Oicha,2023-03-01,0.196,0.1304,9.6202,0.7778,0.1632,0.7146,0.4389,20.23,3.16,76.61,1.73,70.3,13.28,2.32,12.48,0.12,0.0,1.23,73.0,30.0,0.0,0.0,10.71,31.0,31.0
HGR Oicha,2023-04-01,0.238,0.1338,9.3665,1.2174,0.1859,0.6476,0.4168,25.49,2.07,72.44,1.53,65.26,13.02,9.06,11.76,0.23,0.0,0.83,39.0,23.0,1.0,1.0,13.57,30.0,30.0
HGR Oicha,2023-05-01,0.2792,0.1253,9.0561,0.9138,0.2022,0.7567,0.4794,28.96,0.88,70.16,0.65,61.89,12.06,13.96,12.14,0.24,0.0,0.98,45.0,24.0,0.0,0.0,11.71,31.0,31.0
HGR Oicha,2023-06-01,0.2925,0.1235,1.2025,0.5599,0.208,0.9426,0.5753,30.52,1.75,67.73,1.5,58.5,12.27,16.03,12.68,1.0,0.0,0.79,33.0,19.0,0.0,0.0,11.47,30.0,30.0
HGR Oicha,2023-07-01,0.2904,0.0969,8.1532,1.3917,0.1936,0.5959,0.3947,30.78,0.95,68.26,0.87,57.59,9.59,20.22,12.6,0.27,0.0,0.79,26.0,19.0,0.0,0.0,11.71,31.0,31.0
HGR Oicha,2023-08-01,0.2987,0.1223,8.7988,1.182,0.2105,0.654,0.4323,30.7,0.59,68.71,0.52,58.24,11.95,17.78,11.88,0.06,0.0,0.79,26.0,21.0,0.0,0.0,12.74,31.0,31.0
HGR Oicha,2023-09-01,0.3024,0.1161,4.9915,0.9233,0.2092,0.7226,0.4659,32.43,0.55,67.02,0.52,61.26,11.15,14.84,12.57,0.08,0.0,0.84,27.0,20.0,0.0,0.0,11.07,30.0,30.0
HGR Oicha,2023-10-01,0.2574,0.0919,4.3156,1.4544,0.1746,0.7981,0.4864,26.4,1.09,72.51,1.02,64.75,8.8,8.98,17.41,0.04,0.0,0.97,26.0,20.0,0.0,0.0,10.42,31.0,31.0
HGR Oicha,2023-11-01,0.4181,0.2581,2.8341,0.6263,0.3381,0.8984,0.6182,40.74,0.44,58.82,0.42,53.24,23.81,3.3,19.76,0.04,0.01,0.96,23.0,20.0,0.0,0.0,7.73,30.0,30.0
HGR Oicha,2023-12-01,0.5344,0.3582,0.0,0.4167,0.4463,1.0,0.7232,53.44,0.16,46.41,0.0,45.11,35.82,0.03,19.08,0.03,0.0,0.96,10.0,8.0,0.0,0.0,5.67,15.0,12.0
HGR Rutshuru,2022-07-01,0.9351,0.9653,0.3548,0.8759,0.9502,0.9996,0.9749,93.51,0.01,6.48,0.0,2.16,96.53,0.0,1.33,0.0,0.0,0.4,0.0,0.0,0.0,0.0,1.08,6.0,2.0
HGR Rutshuru,2022-08-01,0.9305,0.9628,0.0536,0.7324,0.9466,0.9967,0.9716,93.05,0.0,6.94,0.0,3.03,96.28,0.01,0.68,0.01,0.01,1.94,2.0,2.0,1.0,1.0,0.35,8.0,1.0
HGR Rutshuru,2022-09-01,0.8903,0.9217,0.044,0.27,0.906,0.9992,0.9526,89.03,0.01,10.96,0.0,7.56,92.17,0.01,0.25,0.01,0.01,5.65,15.0,13.0,9.0,9.0,1.96,21.0,4.0
HGR Rutshuru,2022-10-01,0.8975,0.9317,0.044,0.3183,0.9146,0.9995,0.9571,89.75,0.0,10.25,0.0,6.17,93.17,0.0,0.67,0.0,0.0,3.65,8.0,4.0,1.0,1.0,0.45,6.0,2.0
HGR Rutshuru,2022-11-01,0.9559,0.9553,0.0027,0.0,0.9556,1.0,0.9778,95.59,0.0,4.41,0.0,4.28,95.53,0.0,0.19,0.0,0.0,16.7,12.0,11.0,10.0,10.0,0.65,12.0,1.0
HGR Rutshuru,2022-12-01,0.9649,0.9626,0.0212,0.3336,0.9638,0.9998,0.9818,96.49,0.01,3.5,0.0,3.34,96.26,0.0,0.4,0.0,0.0,10.72,11.0,10.0,8.0,8.0,0.87,15.0,2.0
HGR Rutshuru,2023-01-01,0.971,0.9668,0.1028,1.3535,0.9689,0.9917,0.9803,97.1,0.0,2.9,0.0,2.85,96.68,0.0,0.48,0.0,0.0,1.02,3.0,2.0,0.0,0.0,0.63,12.0,1.0
HGR Rutshuru,2023-02-01,0.9589,0.9569,0.0594,0.7708,0.9579,0.9956,0.9768,95.89,0.0,4.11,0.0,4.08,95.69,0.0,0.23,0.0,0.01,9.32,10.0,10.0,9.0,9.0,1.25,17.0,2.0
HGR Rutshuru,2023-03-01,0.9682,0.9677,0.0273,0.705,0.968,0.9981,0.983,96.82,0.0,3.18,0.0,3.17,96.77,0.0,0.06,0.0,0.0,8.31,6.0,6.0,5.0,5.0,0.5,10.0,1.0
HGR Rutshuru,2023-04-01,0.9094,0.9508,0.0548,0.3751,0.9301,0.9976,0.9639,90.94,0.02,9.04,0.0,4.85,95.08,0.0,0.08,0.0,0.0,16.73,17.0,15.0,16.0,15.0,1.38,18.0,2.0
HGR Rutshuru,2023-05-01,0.8496,0.9601,0.0177,0.9878,0.9048,0.9994,0.9521,84.96,0.0,15.04,0.0,4.0,96.01,0.0,0.01,0.0,0.0,15.58,15.0,13.0,13.0,13.0,1.11,16.0,1.0
HGR Rutshuru,2023-07-01,0.9129,0.9912,0.0491,0.643,0.952,0.9985,0.9752,91.29,0.0,8.71,0.0,0.76,99.12,0.0,0.2,0.0,0.0,11.19,11.0,11.0,11.0,11.0,1.15,18.0,1.0
HGR Rutshuru,2023-08-01,0.9394,0.9754,0.0686,0.6667,0.9574,0.9966,0.977,93.94,0.04,6.01,0.0,0.79,97.54,0.0,1.67,0.0,0.0,0.45,0.0,0.0,0.0,0.0,0.42,9.0,1.0
HGR Rutshuru,2023-09-01,0.9462,0.9732,0.011,0.7687,0.9597,0.9997,0.9797,94.62,0.01,5.37,0.0,2.61,97.32,0.01,0.07,0.01,0.0,9.8,4.0,4.0,4.0,4.0,0.32,8.0,0.0
HGR Rutshuru,2023-10-01,0.9365,0.9498,0.0041,0.4231,0.9432,1.0,0.9716,93.65,0.01,6.34,0.0,4.99,94.98,0.0,0.03,0.0,0.0,21.46,29.0,27.0,28.0,27.0,1.82,27.0,2.0
HGR Rutshuru,2023-11-01,0.8249,0.8324,0.0044,0.4724,0.8286,0.9998,0.9142,82.49,0.01,17.49,0.0,16.76,83.24,0.0,0.0,0.0,0.0,11.12,23.0,16.0,14.0,14.0,1.07,18.0,2.0
HGR Rutshuru,2023-12-01,0.9643,0.9734,0.0109,0.3708,0.9688,1.0,0.9844,96.43,0.0,3.57,0.0,2.41,97.34,0.0,0.26,0.0,0.0,12.44,5.0,4.0,4.0,3.0,0.21,5.0,0.0
HGR Rutshuru,2024-01-01,0.9348,0.9419,0.0176,0.2273,0.9384,0.9999,0.9691,93.48,0.01,6.52,0.0,5.75,94.19,0.0,0.06,0.0,0.0,13.93,10.0,8.0,10.0,8.0,0.56,11.0,0.0
HGR Rutshuru,2024-02-01,0.9641,0.9829,0.0337,0.3684,0.9735,0.9999,0.9867,96.41,0.03,3.55,0.0,1.23,98.29,0.0,0.5,0.0,0.0,1.47,1.0,1.0,0.0,0.0,0.21,6.0,0.0
HGR Rutshuru,2024-03-01,0.897,0.9386,0.0012,0.6846,0.9178,1.0,0.9589,89.7,0.1,10.19,0.0,5.53,93.86,0.01,0.59,0.01,0.0,7.79,9.0,8.0,6.0,6.0,0.61,9.0,2.0
HGR Rutshuru,2024-04-01,0.7234,0.7349,0.0015,1.0238,0.7292,0.9999,0.8646,72.34,0.03,27.63,0.0,26.51,73.49,0.0,0.0,0.0,0.0,15.6,25.0,24.0,24.0,24.0,2.77,25.0,2.0
HGR Rutshuru,2024-05-01,0.9277,0.9596,0.0249,0.3091,0.9436,0.9997,0.9716,92.77,0.06,7.17,0.0,3.23,95.96,0.01,0.81,0.01,0.0,13.23,10.0,10.0,10.0,10.0,0.67,11.0,2.0
HGR Rutshuru,2024-06-01,0.8686,0.8813,0.0031,1.0009,0.875,1.0,0.9375,86.86,1.24,11.9,0.0,11.71,88.13,0.0,0.16,0.0,0.0,6.33,13.0,10.0,7.0,7.0,1.19,13.0,3.0
HGR Rutshuru,2024-07-01,0.939,0.9438,0.0036,0.5967,0.9414,1.0,0.9707,93.9,0.03,6.07,0.0,5.52,94.38,0.0,0.09,0.0,0.0,16.55,16.0,14.0,12.0,12.0,0.9,15.0,1.0
HGR Rutshuru,2024-08-01,0.9639,0.9768,0.0065,1.0385,0.9704,0.9998,0.9851,96.39,0.26,3.35,0.0,2.32,97.68,0.0,0.0,0.0,0.0,9.73,2.0,2.0,2.0,2.0,0.17,5.0,0.0
HGR Rutshuru,2024-09-01,0.8986,0.9151,0.0004,0.5192,0.9068,1.0,0.9534,89.86,0.66,9.48,0.0,8.46,91.51,0.0,0.03,0.0,0.0,6.01,11.0,9.0,10.0,9.0,1.31,12.0,3.0
HGR Rutshuru,2024-10-01,0.8927,0.9006,0.0001,0.5833,0.8966,1.0,0.9483,89.27,0.0,10.73,0.0,9.87,90.06,0.0,0.07,0.0,0.0,15.58,10.0,8.0,7.0,6.0,0.91,8.0,0.0
HGR Virunga,2022-05-01,1.0,1.0,0.0,0.0,1.0,1.0,1.0,100.0,0.0,0.0,0.0,0.0,100.0,0.0,0.0,0.0,0.0,,,,,,,,
HGR Virunga,2022-06-01,0.9939,0.9491,0.0236,0.5455,0.9715,0.999,0.9852,99.39,0.0,0.61,0.0,0.11,94.91,0.0,4.97,0.0,0.04,,,,,,,,
HGR Virunga,2022-07-01,0.9705,0.8833,0.039,0.4096,0.9269,0.9993,0.9631,97.05,0.0,2.95,0.0,0.17,88.33,0.03,11.49,0.03,0.52,0.38,0.0,0.0,0.0,0.0,0.13,4.0,0.0
HGR Virunga,2022-08-01,0.9455,0.9383,0.2183,0.3333,0.9419,0.9999,0.9709,94.55,0.0,5.45,0.0,3.95,93.83,0.03,2.92,0.03,2.64,1.48,1.0,1.0,0.0,0.0,0.29,4.0,1.0
HGR Virunga,2022-09-01,0.9728,0.9664,0.0838,0.693,0.9696,0.9977,0.9836,97.28,0.0,2.72,0.0,2.72,96.64,0.0,0.63,0.0,0.0,,,,,,,,
HGR Virunga,2022-10-01,0.949,0.927,0.0017,0.5531,0.938,1.0,0.969,94.9,0.0,5.1,0.0,5.1,92.7,0.0,2.2,0.0,0.0,3.79,7.0,5.0,3.0,3.0,0.9,8.0,4.0
HGR Virunga,2022-11-01,0.9817,0.9029,0.0638,0.5686,0.9423,0.9887,0.9655,98.17,0.0,1.83,0.0,0.58,90.29,0.0,9.44,0.0,2.12,,,,,,,,
HGR Virunga,2022-12-01,0.9968,0.9284,0.0719,0.6277,0.9626,0.9954,0.979,99.68,0.0,0.32,0.0,0.32,92.84,0.0,6.84,0.0,0.0,,,,,,,,
HGR Virunga,2023-01-01,0.9957,0.9351,0.0715,0.4091,0.9654,0.9976,0.9815,99.57,0.0,0.43,0.0,0.31,93.51,0.0,6.19,0.0,0.17,0.54,0.0,0.0,0.0,0.0,0.13,4.0,0.0
HGR Virunga,2023-02-01,0.9962,0.9792,0.0718,0.5874,0.9877,0.9989,0.9933,99.62,0.0,0.38,0.0,0.38,97.92,0.01,1.69,0.01,0.0,0.33,0.0,0.0,0.0,0.0,0.21,6.0,0.0
HGR Virunga,2023-03-01,0.9872,0.9638,0.2951,0.8889,0.9755,0.9859,0.9807,98.72,0.0,1.28,0.0,1.28,96.38,0.01,2.33,0.01,0.0,,,,,,,,
HGR Virunga,2023-04-01,0.9497,0.9682,0.2055,0.6,0.959,0.9904,0.9747,94.97,0.0,5.03,0.0,1.21,96.82,0.0,1.97,0.0,0.01,,,,,,,,
HGR Virunga,2023-05-01,0.6864,0.8953,0.0567,0.4615,0.7909,0.999,0.8949,68.64,0.0,31.36,0.0,10.42,89.53,0.0,0.04,0.0,0.0,,,,,,,,
HGR Virunga,2023-06-01,0.7709,0.9334,0.1743,0.7732,0.8522,0.996,0.9241,77.09,0.0,22.91,0.0,6.92,93.34,0.17,0.0,0.16,0.0,14.67,4.0,3.0,2.0,2.0,0.14,3.0,0.0
HGR Virunga,2023-07-01,0.7901,0.9854,0.1339,0.8291,0.8878,0.9887,0.9382,79.01,0.0,20.99,0.0,0.68,98.54,0.3,0.0,0.3,0.0,0.67,0.0,0.0,0.0,0.0,0.03,1.0,0.0
HGR Virunga,2023-08-01,0.9058,0.9881,0.239,0.8623,0.947,0.991,0.969,90.58,0.0,9.42,0.0,1.17,98.81,0.02,0.0,0.0,0.0,0.23,0.0,0.0,0.0,0.0,0.16,3.0,1.0
HGR Virunga,2023-09-01,0.8116,0.9099,0.2271,0.9808,0.8608,0.9778,0.9193,81.16,0.0,18.84,0.0,8.95,90.99,0.03,0.01,0.01,0.01,0.73,0.0,0.0,0.0,0.0,0.45,2.0,1.0
HGR Virunga,2023-10-01,0.7522,0.995,0.0509,1.3333,0.8736,0.9917,0.9327,75.22,0.44,24.34,0.23,0.93,99.5,0.0,0.01,0.0,0.0,,,,,,,,
HGR Virunga,2023-11-01,0.8454,0.9773,0.1076,0.8407,0.9114,0.9953,0.9533,84.54,0.0,15.46,0.0,0.84,97.73,1.44,0.02,0.08,0.0,1.38,1.0,1.0,0.0,0.0,0.23,6.0,0.0
HGR Virunga,2023-12-01,0.813,0.9658,0.0979,0.9565,0.8894,0.9912,0.9403,81.3,0.0,18.7,0.0,1.47,96.58,1.59,0.02,0.0,0.0,,,,,,,,
HGR Virunga,2024-01-01,0.9398,0.9568,0.062,0.6522,0.9483,0.9995,0.9739,93.98,0.08,5.94,0.0,0.97,95.68,3.11,0.03,0.13,0.0,,,,,,,,
HGR Virunga,2024-02-01,0.7147,0.9881,0.0538,0.4622,0.8514,0.9978,0.9246,71.47,0.0,28.53,0.0,0.71,98.81,0.54,0.02,0.07,0.0,,,,,,,,
HGR Virunga,2024-03-01,0.8823,0.9928,0.0931,0.9169,0.9376,0.9957,0.9667,88.23,0.0,11.77,0.0,0.54,99.28,0.13,0.0,0.0,0.0,0.67,0.0,0.0,0.0,0.0,0.03,1.0,0.0
HGR Virunga,2024-04-01,0.8597,0.9922,0.0828,0.9167,0.926,0.996,0.961,85.97,0.0,14.03,0.0,0.38,99.22,0.35,0.0,0.02,0.0,1.33,0.0,0.0,0.0,0.0,0.03,1.0,0.0
HGR Virunga,2024-05-01,0.7734,0.9884,0.1836,1.0156,0.8809,0.9923,0.9366,77.34,0.0,22.66,0.0,0.87,98.84,0.33,0.0,0.03,0.0,0.32,0.0,0.0,0.0,0.0,0.39,11.0,0.0
HGR Virunga,2024-06-01,0.7935,0.9797,0.1595,0.9596,0.8866,0.9896,0.9381,79.35,0.0,20.65,0.0,0.76,97.97,1.24,0.0,0.1,0.0,0.33,0.0,0.0,0.0,0.0,0.27,7.0,0.0
HGR Virunga,2024-07-01,0.9307,0.9617,0.3457,1.6648,0.9462,0.9899,0.968,93.07,0.0,6.93,0.0,1.98,96.17,1.79,0.0,0.03,0.0,0.56,1.0,1.0,0.0,0.0,0.55,9.0,3.0
HGR Virunga,2024-08-01,0.9747,0.9813,0.231,0.9667,0.978,0.9714,0.9747,97.47,0.0,2.53,0.0,1.02,98.13,0.77,0.0,0.04,0.0,0.56,0.0,0.0,0.0,0.0,0.1,3.0,0.0
HGR Virunga,2024-09-01,0.9457,0.9731,0.2153,0.6667,0.9594,0.9934,0.9764,94.57,0.0,5.43,0.0,0.94,97.31,1.57,0.01,0.05,0.0,0.26,0.0,0.0,0.0,0.0,0.43,11.0,0.0
HGR Virunga,2024-10-01,0.8897,0.9649,0.2374,0.5333,0.9273,0.9944,0.9608,88.97,0.98,10.05,0.6,2.89,96.49,1.09,0.0,0.0,0.0,0.49,1.0,1.0,0.0,0.0,1.0,10.0,2.0
HGR Walikale,2022-07-01,0.9999,0.949,0.0,0.1579,0.9744,1.0,0.9872,99.99,0.0,0.01,0.0,0.01,94.9,2.45,0.04,2.43,0.0,,,,,,,,
HGR Walikale,2022-08-01,1.0,0.9524,0.0,0.4938,0.9762,1.0,0.9881,100.0,0.0,0.0,0.0,0.0,95.24,1.79,0.0,1.77,0.0,,,,,,,,
HGR Walikale,2022-09-01,0.9824,0.9362,0.0,0.2083,0.9593,1.0,0.9796,98.24,0.0,1.76,0.0,1.76,93.62,1.8,0.02,1.77,0.0,3.78,2.0,1.0,1.0,1.0,0.2,2.0,1.0
HGR Walikale,2022-10-01,0.9759,0.9371,0.0,1.0536,0.9565,1.0,0.9782,97.59,0.0,2.41,0.0,2.41,93.71,1.67,0.0,1.66,0.0,0.44,0.0,0.0,0.0,0.0,0.12,2.0,0.0
HGR Walikale,2022-11-01,0.9996,0.9742,0.0,0.7222,0.9869,1.0,0.9934,99.96,0.0,0.04,0.0,0.04,97.42,1.06,0.01,0.92,0.0,0.33,0.0,0.0,0.0,0.0,0.03,1.0,0.0
HGR Walikale,2022-12-01,1.0,0.9776,0.0,0.85,0.9888,1.0,0.9944,100.0,0.0,0.0,0.0,0.0,97.76,0.94,0.01,0.75,0.0,,,,,,,,
HGR Walikale,2023-01-01,1.0,0.9909,0.0,0.5556,0.9954,1.0,0.9977,100.0,0.0,0.0,0.0,0.0,99.09,0.37,0.01,0.35,0.0,,,,,,,,
HGR Walikale,2023-02-01,0.9996,0.9773,0.0,0.5652,0.9884,1.0,0.9942,99.96,0.0,0.04,0.0,0.04,97.73,1.11,0.02,0.92,0.0,0.17,0.0,0.0,0.0,0.0,0.04,1.0,0.0
HGR Walikale,2023-03-01,0.7176,0.7059,0.0,0.6624,0.7118,1.0,0.8559,71.76,0.0,28.24,0.0,28.24,70.59,0.54,0.02,0.54,0.0,8.5,18.0,15.0,14.0,13.0,3.08,19.0,5.0
HGR Walikale,2023-04-01,0.872,0.8604,0.0,0.4286,0.8662,1.0,0.9331,87.2,0.0,12.8,0.0,12.8,86.04,0.43,0.0,0.42,0.0,10.15,16.0,15.0,14.0,14.0,1.89,16.0,3.0
HGR Walikale,2023-05-01,0.893,0.8821,0.0,0.3604,0.8876,1.0,0.9438,89.3,0.0,10.7,0.0,10.7,88.21,0.53,0.17,0.33,0.0,15.92,24.0,24.0,23.0,23.0,3.5,26.0,2.0
HGR Walikale,2023-06-01,0.751,0.7431,0.0,0.1226,0.747,1.0,0.8735,75.1,0.0,24.9,0.0,24.85,74.31,0.44,0.05,0.34,0.0,8.09,7.0,6.0,5.0,5.0,3.2,6.0,2.0
Heal Africa,2022-05-01,0.8846,0.9975,0.042,0.0,0.941,1.0,0.9705,88.46,0.0,11.54,0.0,0.25,99.75,0.0,0.0,0.0,0.0,,,,,,,,
Heal Africa,2022-06-01,0.8401,0.9974,0.0228,0.2,0.9188,1.0,0.9594,84.01,0.0,15.99,0.0,0.61,99.74,0.02,0.01,0.02,0.01,0.19,0.0,0.0,0.0,0.0,0.27,8.0,0.0
Heal Africa,2022-07-01,0.7971,0.9866,0.1218,0.6207,0.8918,0.999,0.9454,79.71,0.0,20.29,0.0,2.02,98.66,0.08,0.04,0.08,0.02,0.39,0.0,0.0,0.0,0.0,0.55,12.0,2.0
Heal Africa,2022-08-01,0.8097,0.9652,0.0816,0.7264,0.8874,0.9986,0.943,80.97,0.0,19.03,0.0,4.36,96.52,0.05,0.12,0.05,0.07,1.19,1.0,1.0,1.0,1.0,0.52,10.0,2.0
Heal Africa,2022-09-01,0.8768,0.9937,0.0879,0.7876,0.9352,0.9937,0.9645,87.68,0.0,12.32,0.0,0.74,99.37,0.02,0.2,0.02,0.0,0.18,0.0,0.0,0.0,0.0,0.37,8.0,0.0
Heal Africa,2022-10-01,0.9035,0.9904,0.1689,1.0459,0.947,0.9948,0.9709,90.35,0.0,9.65,0.0,0.95,99.04,0.02,0.0,0.02,0.0,0.27,0.0,0.0,0.0,0.0,0.58,12.0,1.0
Heal Africa,2022-11-01,0.9539,0.9939,0.0914,1.2222,0.9739,0.9936,0.9837,95.39,0.0,4.61,0.0,0.58,99.39,0.03,0.03,0.03,0.0,0.17,0.0,0.0,0.0,0.0,0.4,10.0,0.0
Heal Africa,2022-12-01,0.9591,0.9917,0.0414,0.5432,0.9754,0.9992,0.9873,95.91,0.0,4.09,0.0,0.82,99.17,0.01,0.01,0.01,0.0,0.2,0.0,0.0,0.0,0.0,0.48,13.0,0.0
Heal Africa,2023-01-01,0.9734,0.9933,0.1254,1.4439,0.9834,0.9924,0.9879,97.34,0.0,2.66,0.0,0.66,99.33,0.0,0.01,0.0,0.01,0.24,0.0,0.0,0.0,0.0,0.77,15.0,1.0
Heal Africa,2023-02-01,0.901,0.9979,0.0333,0.5455,0.9494,0.9996,0.9745,90.1,0.0,9.9,0.0,0.19,99.79,0.03,0.0,0.03,0.0,0.17,0.0,0.0,0.0,0.0,0.18,5.0,0.0
Heal Africa,2023-03-01,0.8949,0.9606,0.0302,0.5718,0.9278,0.9983,0.963,89.49,0.0,10.51,0.0,3.78,96.06,0.11,0.0,0.11,0.0,16.47,9.0,9.0,9.0,9.0,0.54,13.0,0.0
Heal Africa,2023-04-01,0.896,0.9651,0.0426,0.4806,0.9306,0.9989,0.9647,89.6,0.0,10.4,0.0,3.4,96.51,0.06,0.0,0.06,0.0,6.19,3.0,3.0,3.0,3.0,0.41,10.0,1.0
Heal Africa,2023-05-01,0.9066,0.9987,0.0168,0.3204,0.9526,0.9995,0.976,90.66,0.0,9.34,0.0,0.12,99.87,0.02,0.0,0.02,0.0,13.17,1.0,1.0,1.0,1.0,0.03,1.0,0.0
Heal Africa,2023-06-01,0.9652,0.997,0.0284,0.3494,0.9811,0.9998,0.9904,96.52,0.0,3.48,0.0,0.25,99.7,0.05,0.0,0.05,0.0,0.67,0.0,0.0,0.0,0.0,0.03,1.0,0.0
Heal Africa,2023-07-01,0.9682,0.9973,0.0309,0.5991,0.9828,0.9987,0.9908,96.82,0.0,3.18,0.0,0.16,99.73,0.05,0.01,0.05,0.0,0.33,0.0,0.0,0.0,0.0,0.06,2.0,0.0
Heal Africa,2023-08-01,0.9786,0.996,0.0379,0.7806,0.9873,0.999,0.9931,97.86,0.0,2.14,0.0,0.24,99.6,0.12,0.01,0.12,0.0,,,,,,,,
Heal Africa,2023-09-01,0.933,0.9952,0.0593,1.0375,0.9641,0.9972,0.9807,93.3,0.0,6.7,0.0,0.34,99.52,0.1,0.02,0.09,0.0,0.5,0.0,0.0,0.0,0.0,0.07,2.0,0.0
Heal Africa,2023-10-01,0.9006,0.9947,0.0325,0.8605,0.9476,0.9983,0.9729,90.06,0.0,9.94,0.0,0.55,99.47,0.07,0.0,0.07,0.0,0.79,1.0,1.0,0.0,0.0,0.13,4.0,0.0
Heal Africa,2023-11-01,0.8756,0.9711,0.047,0.6828,0.9234,0.998,0.9607,87.56,0.0,12.44,0.0,2.84,97.11,0.24,0.01,0.24,0.0,3.64,2.0,1.0,1.0,1.0,0.2,3.0,1.0
Heal Africa,2023-12-01,0.889,0.9968,0.0374,0.1993,0.9429,0.9996,0.9712,88.9,0.0,11.1,0.0,0.23,99.68,0.07,0.0,0.07,0.0,0.38,0.0,0.0,0.0,0.0,0.26,8.0,0.0
Heal Africa,2024-01-01,0.8668,0.9962,0.0463,0.22,0.9315,0.9996,0.9655,86.68,0.0,13.32,0.0,0.48,99.62,0.09,0.01,0.09,0.0,0.58,0.0,0.0,0.0,0.0,0.13,4.0,0.0
Heal Africa,2024-02-01,0.7967,0.9938,0.0378,0.4092,0.8952,0.9987,0.9469,79.67,0.0,20.33,0.0,0.9,99.38,0.22,0.0,0.22,0.0,0.5,0.0,0.0,0.0,0.0,0.14,4.0,0.0
Heal Africa,2024-03-01,0.7192,0.9919,0.0229,0.7577,0.8556,0.9994,0.9275,71.92,0.0,28.08,0.0,1.93,99.19,0.12,0.28,0.12,0.0,0.93,1.0,1.0,0.0,0.0,0.23,5.0,0.0
Heal Africa,2024-04-01,0.7511,0.8916,0.0231,0.36,0.8214,0.9994,0.9104,75.11,0.0,24.89,0.0,11.54,89.16,0.12,0.0,0.12,0.0,7.97,16.0,13.0,11.0,11.0,1.61,14.0,4.0
Heal Africa,2024-06-01,0.5198,0.6287,0.0022,1.2168,0.5742,0.9998,0.787,51.98,0.0,48.02,0.0,36.22,62.87,0.41,0.0,0.41,0.0,19.51,25.0,24.0,22.0,22.0,9.33,24.0,1.0
Heal Africa,2024-07-01,0.0,0.1694,0.0125,0.2917,0.0847,0.9997,0.5422,0.0,0.0,100.0,0.0,83.06,16.94,0.0,0.0,0.0,0.0,1.17,0.0,0.0,0.0,0.0,2.0,1.0,0.0
Hôpital Provincial,2022-06-01,0.9984,0.9989,0.0126,0.2401,0.9986,0.9998,0.9992,99.84,0.0,0.16,0.0,0.1,99.89,0.02,0.0,0.02,0.0,0.27,0.0,0.0,0.0,0.0,0.17,5.0,0.0
Hôpital Provincial,2022-07-01,0.9985,0.9989,0.0125,0.6746,0.9987,0.9991,0.9989,99.85,0.0,0.15,0.0,0.1,99.89,0.0,0.02,0.0,0.0,,,,,,,,
Hôpital Provincial,2022-08-01,0.9988,0.9991,0.0079,0.4028,0.999,0.9998,0.9994,99.88,0.0,0.12,0.0,0.09,99.91,0.0,0.0,0.0,0.0,0.17,0.0,0.0,0.0,0.0,0.06,2.0,0.0
Hôpital Provincial,2022-09-01,0.9986,0.9985,0.014,0.4817,0.9986,0.9996,0.9991,99.86,0.0,0.14,0.0,0.11,99.85,0.03,0.02,0.03,0.0,0.58,0.0,0.0,0.0,0.0,0.07,2.0,0.0
Hôpital Provincial,2022-10-01,0.9961,0.996,0.0708,0.9683,0.996,0.997,0.9965,99.61,0.0,0.39,0.0,0.38,99.6,0.01,0.0,0.01,0.0,0.39,0.0,0.0,0.0,0.0,0.1,3.0,0.0
Hôpital Provincial,2022-11-01,0.9955,0.9953,0.1001,0.5052,0.9954,0.9978,0.9966,99.55,0.0,0.45,0.0,0.45,99.53,0.0,0.03,0.0,0.0,0.43,0.0,0.0,0.0,0.0,0.17,5.0,0.0
Hôpital Provincial,2022-12-01,0.9986,0.9986,0.0165,0.796,0.9986,0.9993,0.999,99.86,0.0,0.14,0.0,0.13,99.86,0.0,0.01,0.0,0.0,0.17,0.0,0.0,0.0,0.0,0.1,3.0,0.0
Hôpital Provincial,2023-01-01,0.9985,0.9984,0.0145,0.6739,0.9984,0.999,0.9987,99.85,0.0,0.15,0.0,0.13,99.84,0.03,0.0,0.02,0.0,0.4,0.0,0.0,0.0,0.0,0.16,4.0,0.0
Hôpital Provincial,2023-02-01,0.9995,0.9997,0.0015,1.0,0.9996,0.9999,0.9997,99.95,0.0,0.05,0.0,0.04,99.97,0.0,0.0,0.0,0.0,,,,,,,,
Hôpital Provincial,2023-03-01,0.9985,0.9986,0.0291,0.5769,0.9986,0.9991,0.9988,99.85,0.0,0.15,0.0,0.14,99.86,0.0,0.0,0.0,0.0,0.17,0.0,0.0,0.0,0.0,0.06,2.0,0.0
Hôpital Provincial,2023-04-01,0.9994,0.9995,0.0051,0.4231,0.9994,0.9999,0.9996,99.94,0.0,0.06,0.0,0.05,99.95,0.0,0.0,0.0,0.0,,,,,,,,
Hôpital Provincial,2023-05-01,0.9986,0.9998,0.0004,0.7928,0.9992,1.0,0.9996,99.86,0.0,0.14,0.0,0.01,99.98,0.0,0.01,0.0,0.0,0.17,0.0,0.0,0.0,0.0,0.03,1.0,0.0
Hôpital Provincial,2023-06-01,0.9995,0.9995,0.0093,0.6,0.9995,1.0,0.9997,99.95,0.0,0.05,0.0,0.05,99.95,0.0,0.0,0.0,0.0,0.22,0.0,0.0,0.0,0.0,0.1,1.0,1.0
Hôpital Provincial,2023-07-01,0.9989,0.9988,0.0168,0.8811,0.9988,0.999,0.9989,99.89,0.0,0.11,0.0,0.1,99.88,0.0,0.01,0.0,0.0,0.25,0.0,0.0,0.0,0.0,0.13,4.0,0.0
Hôpital Provincial,2023-08-01,0.9998,0.9996,0.0002,0.7778,0.9997,1.0,0.9998,99.98,0.0,0.02,0.0,0.02,99.96,0.0,0.01,0.0,0.0,,,,,,,,
Hôpital Provincial,2023-09-01,0.9967,0.9978,0.0386,0.4455,0.9972,0.9995,0.9983,99.67,0.0,0.33,0.0,0.21,99.78,0.01,0.0,0.0,0.0,0.17,0.0,0.0,0.0,0.0,0.07,2.0,0.0
Hôpital Provincial,2023-10-01,0.9976,0.9991,0.0145,0.6459,0.9984,0.9996,0.999,99.76,0.0,0.24,0.0,0.07,99.91,0.01,0.0,0.01,0.0,0.17,0.0,0.0,0.0,0.0,0.13,4.0,0.0
Hôpital Provincial,2023-11-01,0.9979,0.9998,0.0008,0.2456,0.9988,1.0,0.9994,99.79,0.0,0.21,0.0,0.02,99.98,0.0,0.0,0.0,0.0,0.17,0.0,0.0,0.0,0.0,0.03,1.0,0.0
Hôpital Provincial,2023-12-01,0.9948,0.9986,0.0272,0.4783,0.9967,0.999,0.9979,99.48,0.0,0.52,0.0,0.13,99.86,0.01,0.01,0.0,0.0,0.17,0.0,0.0,0.0,0.0,0.13,4.0,0.0
Hôpital Provincial,2024-01-01,0.9931,0.9979,0.0427,1.1676,0.9955,0.9977,0.9966,99.31,0.0,0.69,0.0,0.21,99.79,0.0,0.0,0.0,0.0,0.21,0.0,0.0,0.0,0.0,0.35,10.0,0.0
Hôpital Provincial,2024-02-01,0.9928,0.9991,0.0168,0.5526,0.996,0.9998,0.9979,99.28,0.02,0.69,0.0,0.08,99.91,0.0,0.0,0.0,0.0,0.25,0.0,0.0,0.0,0.0,0.14,4.0,0.0
Hôpital Provincial,2024-03-01,0.9794,0.9982,0.031,0.4405,0.9888,0.9996,0.9942,97.94,0.0,2.06,0.0,0.16,99.82,0.0,0.01,0.0,0.0,0.2,0.0,0.0,0.0,0.0,0.16,4.0,0.0
Hôpital Provincial,2024-04-01,0.9958,0.9982,0.0312,0.7057,0.997,0.999,0.998,99.58,0.0,0.42,0.0,0.17,99.82,0.0,0.0,0.0,0.0,0.17,0.0,0.0,0.0,0.0,0.13,3.0,0.0
Hôpital Provincial,2024-05-01,0.9987,0.9987,0.0125,1.3655,0.9987,0.9998,0.9993,99.87,0.0,0.13,0.0,0.12,99.87,0.01,0.0,0.01,0.0,0.67,0.0,0.0,0.0,0.0,0.03,1.0,0.0
Hôpital Provincial,2024-06-01,0.9995,0.9989,0.0019,0.6061,0.9992,0.9999,0.9996,99.95,0.01,0.04,0.0,0.04,99.89,0.06,0.01,0.06,0.0,,,,,,,,
Hôpital Provincial,2024-07-01,0.9974,0.9979,0.0179,0.9737,0.9976,0.9995,0.9986,99.74,0.0,0.26,0.0,0.21,99.79,0.01,0.01,0.01,0.0,0.33,0.0,0.0,0.0,0.0,0.1,3.0,0.0
Hôpital Provincial,2024-08-01,0.978,0.9784,0.026,0.7041,0.9782,0.9995,0.9889,97.8,0.04,2.17,0.0,2.15,97.84,0.0,0.0,0.0,0.0,0.32,0.0,0.0,0.0,0.0,0.52,6.0,2.0
Hôpital Provincial,2024-09-01,0.9696,0.9701,0.2221,0.7778,0.9698,0.9844,0.9771,96.96,0.02,3.02,0.0,3.0,97.01,0.0,0.01,0.0,0.0,1.03,1.0,1.0,0.0,0.0,0.7,11.0,3.0
Hôpital Provincial,2024-10-01,0.9815,0.9815,0.1478,1.8214,0.9815,0.9929,0.9872,98.15,0.0,1.85,0.0,1.83,98.15,0.01,0.0,0.0,0.0,0.68,0.0,0.0,0.0,0.0,0.8,9.0,1.0
